Word,PC1,PC2,PC3,PC4,PC5
ability,-0.019046,-0.018389,-0.030064,0.024604,0.014381
able,-0.011862,-0.006627,0.003459,-0.004946,-0.031043
according,0.003559,0.000662,-0.001955,-0.007213,-0.011341
account,0.032268,0.019948,0.020828,-0.004257,0.022439
accounts,0.009856,0.017828,-0.005010,-0.002789,0.008746
accuracy,-0.005919,-0.033375,0.003856,-0.024648,-0.037999
accurate,0.007711,-0.006345,0.008077,0.001807,-0.020515
achieve,-0.011666,0.006431,-0.015145,0.010425,-0.007751
achieved,-0.012226,0.000970,-0.012751,0.007182,-0.005410
achieves,-0.011092,-0.009658,-0.009744,-0.005812,-0.026335
achieving,-0.010007,-0.003528,-0.013951,0.024279,-0.016891
act,-0.009693,0.013228,0.013297,0.003311,0.017262
action,-0.033113,0.058932,0.110418,0.088876,-0.029904
action perception,-0.004430,0.004703,0.057378,0.012812,0.024035
action selection,-0.015962,0.032394,0.010633,-0.004811,0.004997
actions,-0.047892,0.058488,-0.026066,0.063370,-0.006120
active,-0.209528,0.268041,0.139048,-0.077647,0.136710
active inference,-0.205465,0.287708,0.142320,-0.044381,0.157831
actively,-0.015175,-0.007056,-0.001791,-0.022350,-0.012616
activities,-0.007649,-0.039967,0.002992,-0.013183,-0.043452
activity,-0.004018,-0.150894,-0.014538,-0.120248,-0.103882
activity inference,-0.005935,-0.041837,-0.003195,-0.035304,-0.038416
adapt,-0.016229,-0.003370,-0.011763,-0.007842,0.007008
adaptability,-0.028223,0.013183,-0.006533,0.034145,-0.011085
adaptation,-0.023950,0.004075,0.037674,0.027089,0.009029
adaptive,-0.027801,-0.023561,-0.002967,-0.025055,0.041024
additionally,-0.005522,0.006255,-0.001642,-0.006942,-0.001187
address,-0.021810,0.004604,-0.013402,-0.015621,-0.013942
advances,-0.007718,0.009031,0.013297,0.008223,-0.000286
agency,-0.011477,0.008697,-0.003839,-0.006252,0.065571
agent,-0.102078,0.134698,-0.153480,0.097792,0.030082
agents,-0.091831,0.152153,-0.178567,0.030505,0.151327
agi,0.002344,-0.029413,-0.026152,-0.010318,0.056102
ai,-0.035876,-0.088917,-0.026429,0.086755,0.384453
ai systems,-0.007502,-0.019280,-0.015933,0.012530,0.082710
aif,-0.065965,0.056038,-0.148223,0.093655,0.009805
aim,0.012971,-0.000148,0.013541,-0.000162,0.019655
aims,-0.000972,-0.013054,-0.006372,-0.000033,0.014708
al,0.021912,0.021663,-0.013814,-0.044509,-0.016273
algorithm,-0.019483,0.021356,0.040621,-0.029913,-0.086353
algorithms,-0.010207,0.004066,0.013239,-0.052288,-0.009481
alignment,-0.003953,-0.013243,-0.026579,0.007107,0.038208
allocation,-0.016502,-0.012480,-0.001608,-0.023706,-0.010605
allow,-0.000828,-0.006031,-0.002705,-0.007002,-0.009723
allowing,-0.012818,0.004231,-0.016338,0.013030,0.015396
allows,0.002075,-0.007784,-0.029520,-0.010505,-0.018876
alternative,-0.017760,0.013411,0.026623,-0.011737,-0.002382
analysis,0.003717,-0.031903,-0.005104,-0.046752,-0.016032
application,-0.008611,0.002402,0.011131,-0.019823,0.002459
applications,-0.009290,-0.006892,0.011281,-0.011400,-0.000473
applied,0.009456,-0.000666,0.011265,-0.000970,-0.002071
apply,0.000663,0.008924,-0.004170,-0.005380,-0.020052
applying,0.009467,0.000436,0.010078,0.014439,0.000328
approach,-0.042746,0.018178,-0.009134,-0.000617,-0.028799
approaches,-0.032937,0.004836,-0.009089,0.003991,0.007851
appropriate,-0.001873,0.001963,-0.005254,-0.000770,-0.004698
approximate,0.009521,0.017501,0.031119,-0.028676,0.009393
approximation,0.007857,-0.004166,-0.003809,-0.011533,0.000211
architecture,-0.015532,-0.020193,0.028523,0.050206,0.023959
architectures,0.005041,-0.013255,0.013195,0.026293,0.039418
argue,0.037302,0.001010,0.002248,0.002409,0.033416
arm,-0.017228,0.004430,0.044457,0.019756,-0.021911
art,-0.016564,0.009454,0.015015,-0.007351,-0.025520
article,0.044009,-0.001665,0.008893,0.015549,0.009449
artificial,-0.008849,-0.005895,0.001399,0.032312,0.127258
artificial agents,-0.010594,0.032707,0.002405,0.002738,0.019571
artificial intelligence,-0.002666,-0.024365,0.008879,0.025804,0.107513
aspects,-0.007163,0.008426,0.029197,0.002180,0.029903
assess,-0.000050,-0.016316,0.005795,-0.015125,-0.005582
associated,-0.008320,-0.002156,0.014016,-0.013963,0.001160
assumptions,0.020313,0.004896,0.007802,-0.005202,0.008139
attacks,-0.011778,-0.030163,0.010471,-0.020328,-0.036948
attention,0.006694,-0.027264,0.015593,0.021363,-0.023516
autonomous,-0.025747,-0.004860,-0.045884,0.074903,0.000855
autonomously,-0.007807,-0.009897,-0.014045,0.005310,0.016030
available,-0.006159,-0.015889,0.000751,-0.003960,-0.006865
average,0.002645,0.003281,0.013198,-0.009075,-0.009884
aware,-0.003908,-0.005019,-0.018341,0.001392,0.005416
awareness,-0.005590,-0.025563,-0.004807,-0.011501,0.008389
balance,-0.015908,0.028644,-0.049821,0.005233,-0.003093
bandit,-0.002497,0.002977,-0.018524,-0.031918,-0.002720
based,-0.055594,0.010170,0.018405,0.028013,-0.055009
based active,-0.019596,0.015547,0.028729,0.002793,-0.003651
based free,0.012008,-0.006336,-0.007302,0.043742,-0.014330
baseline,-0.008729,-0.004530,-0.001069,0.010031,-0.011330
baselines,-0.017253,0.005542,0.006380,-0.003151,-0.009966
bayes,0.005316,0.021118,-0.007094,-0.004432,-0.000292
bayesian,0.087181,0.047599,0.050621,-0.146280,0.028962
bayesian inference,0.028239,0.026301,0.033459,-0.022813,0.013211
bayesian mechanics,0.079999,-0.003291,0.011612,-0.078470,0.011969
behavior,-0.048572,0.006490,-0.073989,0.096733,0.008624
behavioral,-0.005371,0.001850,-0.011945,0.016583,0.011580
behaviors,-0.017642,0.013802,-0.043209,0.030046,-0.004653
behaviour,-0.022814,0.042298,-0.050913,0.018614,0.040103
behaviours,0.002781,-0.001280,0.007413,0.000160,0.021287
belief,0.005893,0.008485,-0.032722,-0.034094,0.044809
beliefs,0.016338,0.037088,-0.049868,-0.070520,0.017221
benchmark,-0.012085,0.012064,0.000974,0.007263,-0.005655
best,-0.005954,0.009356,-0.007374,0.006829,-0.021505
better,-0.020218,-0.005080,0.003624,0.011386,-0.014447
biological,0.001010,0.029324,0.035397,0.027984,0.069155
biological systems,0.021606,0.005312,0.013582,-0.008113,0.017977
biologically,-0.010886,0.009505,-0.005533,0.044277,0.007143
biologically plausible,0.008813,0.010584,0.016561,0.017034,0.004273
biology,0.030629,-0.001548,-0.007228,0.005789,0.018605
blanket,0.064025,0.016311,-0.014137,-0.048850,0.018425
blankets,0.047695,0.001525,-0.020834,-0.031051,0.011949
body,-0.006192,-0.017637,0.086422,0.076316,-0.011003
bound,0.007922,0.002520,0.009397,0.005859,-0.010483
box,-0.008402,-0.013042,0.016656,-0.003981,-0.023467
brain,0.077484,-0.018241,0.152566,0.128872,0.016895
build,-0.005297,0.008069,0.008558,0.004279,-0.005955
building,-0.017243,-0.006353,-0.003297,0.017029,0.017679
built,0.008658,-0.010687,0.010355,0.014823,-0.015536
called,0.018177,-0.004287,0.017276,0.001605,-0.013371
capabilities,-0.010479,-0.012821,-0.013973,0.026435,0.028148
capable,-0.001201,-0.013732,-0.011282,0.003585,-0.002465
capacity,-0.003657,-0.004980,-0.005545,0.004321,0.008307
capture,-0.010004,-0.018553,-0.012134,0.011740,-0.006975
car,-0.018514,0.020701,0.022968,0.010566,-0.020169
case,0.011213,-0.002719,-0.015644,-0.019732,0.002109
categories,0.005879,-0.019522,0.008032,-0.036805,0.004331
causal,0.000357,-0.019735,0.000666,0.009889,0.008006
central,0.011035,0.013273,-0.003825,0.003033,0.016921
centric,-0.009025,-0.008773,0.005297,0.004407,-0.041314
certain,0.016772,0.001632,-0.013216,-0.015418,0.004393
challenge,-0.012483,-0.009210,-0.034365,0.003537,0.001434
challenges,-0.021402,-0.005427,0.019819,0.021385,0.041765
challenging,-0.017968,-0.009528,-0.011419,-0.014209,-0.005205
change,0.005169,-0.002842,0.000074,0.011918,0.014454
changes,-0.012539,-0.006053,-0.014653,0.033319,-0.009025
changing,-0.010937,0.009376,-0.009822,-0.002758,0.016321
characteristics,-0.001788,-0.019438,-0.000485,0.000384,0.001463
claims,0.029696,-0.005469,0.009210,0.005434,0.002405
class,0.009518,0.006214,-0.002180,-0.044378,-0.028888
classic,-0.001352,0.000754,0.013191,-0.014778,-0.015735
classical,0.022611,0.007052,0.025177,-0.022964,0.001857
classification,0.001064,-0.031896,0.008293,-0.033028,-0.046881
closed,-0.003840,-0.004791,0.018185,-0.005363,0.009011
coding,0.016584,-0.038971,0.069475,0.099515,0.013039
cognition,0.015257,-0.063576,0.031898,0.053623,0.117362
cognitive,-0.028853,-0.097384,0.022652,0.148409,0.145637
cognitive science,0.001987,-0.008442,0.022648,0.021380,0.028519
collaboration,-0.008111,-0.024639,0.010246,0.008054,0.036757
collective,-0.010565,-0.012368,-0.055970,-0.006108,0.087732
combines,-0.009393,0.019305,0.012163,0.000463,-0.004129
common,0.002115,-0.000788,0.013294,-0.004522,-0.001682
communication,-0.008687,-0.031253,-0.021728,-0.023694,0.033015
comparable,-0.018123,0.018208,0.005747,0.004371,-0.012019
compare,-0.008825,0.011030,0.002558,-0.014829,0.017707
compared,-0.026908,0.012733,-0.012509,-0.013729,-0.030665
complex,-0.025196,0.010798,-0.028622,0.026406,0.017850
complexity,-0.005611,-0.009581,-0.005957,-0.002045,-0.007779
components,0.005548,-0.008512,-0.004778,-0.002561,0.018689
compositional,0.008390,-0.006007,0.012612,-0.044219,0.026998
comprehensive,0.003367,-0.018253,0.003358,0.000301,0.016188
computation,0.007350,-0.020783,-0.003795,-0.001674,0.036716
computational,-0.033683,0.005841,0.006613,0.051068,0.058671
computational model,-0.008429,-0.004499,0.000555,0.028679,0.001120
computational neuroscience,-0.012399,0.019091,0.027314,-0.000039,0.009583
computationally,-0.005949,0.017247,-0.010572,0.009021,-0.003465
computing,-0.013425,-0.024555,-0.030460,-0.019817,0.036684
concept,-0.001267,-0.015045,0.011219,0.006507,-0.007386
concepts,-0.004573,-0.018132,0.005391,-0.000392,0.011741
conclude,0.003136,-0.001257,-0.008127,0.004561,0.008780
conditional,0.020977,-0.001998,-0.005668,-0.009963,-0.005686
conditions,0.004177,0.005424,-0.006240,-0.012044,0.003791
connection,0.005203,0.011830,0.001369,-0.003162,0.004683
consciousness,0.004515,-0.025192,0.039692,-0.002541,0.108480
consider,-0.000029,0.003259,0.022246,-0.029967,-0.005154
considered,0.007809,-0.004852,0.015086,-0.003720,0.022980
consistent,0.011668,-0.007398,-0.003693,-0.015759,-0.013513
constrained,0.007064,0.011531,-0.017593,-0.004263,-0.004879
constraint,0.013108,0.000812,-0.008159,-0.030622,-0.018554
constraints,0.023270,-0.017544,-0.016066,-0.024928,0.011809
construct,0.005977,-0.006607,0.002147,-0.017559,0.005568
content,0.011158,-0.031345,0.000329,-0.005453,-0.009649
context,-0.002497,-0.029913,-0.027478,0.014299,0.007493
contexts,0.008727,-0.000694,-0.012579,0.008436,0.014284
contextual,-0.011627,0.000425,-0.002283,-0.010722,-0.009342
continuous,-0.019081,0.045026,0.010639,0.000517,-0.021464
contrast,-0.009876,0.024928,0.002191,0.020605,0.012918
control,-0.073481,0.104035,0.281069,-0.022083,-0.018109
controller,-0.022535,0.019577,0.049757,0.001164,-0.018722
conventional,-0.009260,0.003845,-0.014504,0.003641,0.002722
convergence,-0.011229,0.000076,-0.006000,-0.020217,-0.017560
core,0.004782,-0.007570,-0.012878,0.005452,0.018309
cost,-0.011635,0.028685,0.026762,-0.052487,-0.020033
costs,0.004020,-0.009759,-0.013697,-0.021282,0.000584
coupled,0.016922,0.016908,0.000919,-0.011784,0.011085
coupling,0.036278,-0.005273,-0.014336,-0.021107,0.010277
creating,-0.010816,-0.008212,-0.011868,0.000445,0.008011
critical,0.010831,-0.008693,-0.012627,-0.007531,0.009519
crucial,-0.007924,-0.021349,-0.024251,0.033820,-0.001196
curiosity,-0.018756,-0.019693,-0.108338,0.056763,-0.016350
curiosity driven,-0.010791,-0.012799,-0.039868,0.034316,-0.004200
current,-0.007519,0.006687,0.039108,0.025866,-0.010653
data,-0.047545,-0.152964,0.016570,-0.116836,-0.140014
dataset,-0.008890,-0.034103,0.005493,-0.026619,-0.042746
datasets,-0.008753,-0.027923,-0.003706,-0.018731,-0.024294
decision,-0.044908,0.062562,-0.104041,-0.036784,0.049461
decision making,-0.039328,0.043121,-0.090488,0.008827,0.057118
decisions,-0.015295,-0.006289,-0.021430,0.006495,0.023717
deep,-0.069560,0.100042,0.158011,0.050904,-0.141827
deep active,-0.050515,0.085327,0.082796,0.036567,-0.073966
deep learning,-0.021903,0.032589,0.056850,0.034021,-0.030981
define,0.014875,-0.006651,-0.002023,-0.019275,-0.004683
defined,-0.002498,0.004010,-0.002818,-0.005087,0.004864
demonstrate,-0.038850,0.021218,-0.025752,-0.008969,-0.009993
demonstrated,-0.008598,-0.000318,-0.006129,0.011313,-0.014389
demonstrating,-0.012178,0.030726,-0.017829,0.011472,0.002124
density,0.036248,0.014225,-0.010951,-0.005038,-0.008644
dependent,0.000609,-0.010658,-0.003524,-0.000491,0.016303
derive,0.019109,0.019284,-0.003891,-0.005957,-0.007526
derived,0.005926,0.007332,-0.001979,-0.012974,-0.000964
descent,0.017508,0.009481,0.028760,0.010281,-0.014778
described,0.011899,-0.000535,0.011275,-0.003167,0.017834
describes,0.004695,0.017409,-0.000779,-0.003145,0.000351
describing,0.013530,0.005870,0.004790,-0.000749,0.016981
description,0.036484,0.000979,0.003904,-0.029598,0.024274
design,-0.018155,0.006912,-0.015954,-0.037471,0.025075
desired,-0.002495,0.019961,-0.002245,0.000278,-0.011789
despite,-0.016472,0.020652,0.014987,0.012393,0.002186
detailed,0.025287,0.005361,0.008067,0.014534,0.011427
detection,-0.003437,-0.012084,0.005432,-0.038564,-0.026430
develop,0.010507,0.000253,-0.015552,-0.016146,0.001195
developed,0.002102,0.000318,-0.002891,-0.000964,0.001748
developing,-0.011523,-0.006560,-0.002115,0.004999,0.047017
development,0.002644,-0.035722,0.000779,0.026508,0.033169
developmental,-0.003705,-0.033774,0.011210,0.039734,0.029535
device,-0.010607,-0.017540,-0.005121,-0.014005,0.001550
devices,-0.025225,-0.038191,-0.018694,-0.038884,0.001846
differences,-0.000062,0.007594,0.006899,-0.013335,0.011667
different,-0.012990,-0.002236,0.034827,-0.018953,-0.028412
difficult,-0.006166,-0.002840,0.003607,-0.001826,0.002134
diffusion,-0.007454,-0.002924,-0.014810,0.018492,-0.010662
dimensional,-0.013837,0.013064,0.020839,0.013406,-0.035035
directed,-0.035408,0.028391,-0.045912,0.084394,-0.062729
directly,0.015893,-0.003574,0.006022,0.016404,-0.015320
discover,-0.002504,-0.013526,-0.002502,-0.004909,-0.012982
discrete,-0.029042,0.070962,0.042735,-0.031843,0.003250
discrete state,-0.008927,0.041101,0.025831,-0.011228,0.006714
discuss,0.016180,-0.009502,0.017299,-0.004842,0.062390
distinct,-0.002606,-0.012158,0.001742,0.010961,-0.017498
distinction,0.028929,-0.004676,0.001282,0.001857,-0.004342
distributed,-0.013078,-0.008150,-0.031698,-0.013959,0.006057
distribution,-0.012332,0.010719,-0.036465,0.011166,-0.058877
distributions,-0.004304,0.002002,0.010035,-0.013705,-0.013069
divergence,0.008046,0.028303,-0.016751,-0.004659,-0.010615
diverse,-0.006649,0.003026,-0.025576,0.011965,0.005462
does,0.017490,0.021683,0.006704,-0.001256,-0.009773
drive,-0.010955,0.012540,-0.023987,0.009051,-0.001173
driven,-0.012641,-0.010442,-0.032341,0.019863,-0.005316
driving,-0.017052,0.003698,-0.005881,0.039519,0.014100
dual,0.000601,-0.002366,-0.004162,-0.005925,-0.003406
dynamic,-0.023569,-0.006635,-0.042219,0.027866,0.002187
dynamical,0.038375,-0.016827,0.026444,-0.056200,0.021318
dynamical systems,0.033365,-0.006829,0.018165,-0.052882,0.031349
dynamically,-0.017386,-0.012584,-0.021015,0.004164,-0.011995
dynamics,0.041955,0.020536,0.037884,0.005342,-0.009553
edge,-0.024742,-0.019694,-0.014827,-0.023953,0.009302
efe,0.001314,0.118658,-0.086694,-0.020052,-0.005004
effective,-0.014240,-0.019260,-0.023732,0.012458,-0.015862
effectively,0.001175,-0.004767,-0.004721,0.003925,0.000538
effectiveness,-0.021169,-0.008021,-0.021226,-0.002881,-0.014732
effects,0.002966,-0.000972,-0.009650,0.017631,-0.000365
efficiency,-0.019756,0.000561,-0.025798,0.006287,-0.010879
efficient,-0.028127,-0.002936,-0.056274,0.013752,-0.013316
efficiently,-0.011180,-0.008775,-0.015392,-0.007087,-0.013641
embodied,0.002217,-0.048338,0.033335,0.068302,0.100170
embodiment,0.003373,-0.024841,0.004624,0.022264,0.041639
emerge,0.003368,0.003991,0.003816,0.000198,0.010270
emergence,0.010970,-0.014501,-0.006737,0.028947,0.020522
emergent,0.011381,-0.000674,-0.019190,0.003727,0.028882
emerges,-0.001398,-0.004281,-0.005505,0.009114,0.020335
emerging,-0.014877,0.011303,0.003353,0.007329,0.010954
empirical,-0.002227,-0.011603,-0.003608,-0.009808,0.021194
empirically,0.000608,0.000574,-0.005099,-0.001882,-0.004897
enable,-0.006564,-0.014083,-0.005100,-0.015426,0.001508
enables,-0.015519,0.003626,-0.017306,0.000722,-0.003624
enabling,-0.014463,0.010837,-0.008070,0.006697,0.013889
end,-0.018737,0.011210,0.013340,0.012263,-0.047434
energy,0.302903,0.216766,-0.051702,0.094026,-0.042511
energy minimization,0.021410,0.038671,-0.029102,0.017389,-0.016063
energy principle,0.249020,0.056666,-0.016563,0.079629,-0.001466
ensuing,0.021984,0.002221,0.001160,-0.010496,0.014048
entities,0.001590,-0.014014,-0.003175,-0.004236,0.007731
entropy,0.047691,0.018711,-0.030961,-0.041457,-0.013649
environment,-0.036262,0.019719,-0.049138,0.106987,-0.041811
environmental,-0.023562,0.016519,-0.034454,0.029578,-0.002180
environments,-0.070397,0.039770,-0.135668,0.078821,0.004708
epistemic,0.005973,0.062761,-0.075390,0.003159,-0.002480
equations,0.043765,0.023325,-0.008658,-0.023186,0.007873
equilibrium,0.028529,-0.005441,-0.004849,-0.010179,-0.000836
error,0.006797,-0.016916,0.055320,0.031757,0.004014
errors,-0.000159,-0.000048,0.021637,0.012639,-0.013840
especially,0.011022,0.004458,-0.004990,-0.007381,0.003430
essential,-0.000278,-0.014738,0.004310,0.009873,-0.004397
established,0.004057,-0.009920,0.001735,-0.008738,0.017463
estimation,0.012955,0.019568,0.110033,-0.009909,-0.050088
et,0.021912,0.021663,-0.013814,-0.044509,-0.016273
et al,0.021912,0.021663,-0.013814,-0.044509,-0.016273
evaluate,-0.013022,-0.007626,-0.017961,0.012490,-0.003666
evaluated,-0.010337,-0.007952,0.010237,0.009255,-0.025159
evaluation,-0.001930,-0.007112,0.011523,0.003380,-0.021423
evidence,-0.007598,0.000652,-0.018349,-0.001687,-0.010759
evolution,0.012245,-0.014883,-0.002567,0.000245,0.024425
examine,0.006173,-0.001620,0.007709,0.004098,0.027184
example,0.004320,-0.027125,-0.001060,-0.027968,-0.011561
examples,0.004878,-0.009050,-0.001554,-0.013505,0.017847
execution,-0.012785,-0.008612,-0.021535,0.004904,0.003140
existing,-0.014261,-0.009312,-0.026106,0.021786,-0.000038
expected,-0.000138,0.161423,-0.076790,-0.022319,-0.019521
expected free,-0.004842,0.134819,-0.047967,-0.007189,-0.021229
experience,-0.003854,-0.014347,0.000941,0.026747,0.028192
experiment,-0.000750,-0.009385,0.007729,0.027413,0.002771
experimental,-0.008947,-0.007152,0.020677,0.010659,-0.009665
experiments,-0.022500,-0.004581,0.009351,0.020384,-0.020361
expert,-0.003806,0.016571,-0.013140,0.002907,-0.016479
explain,0.011791,-0.015988,0.005124,-0.001864,0.022188
explicit,-0.009972,0.007453,-0.006759,0.003458,0.015645
exploit,-0.005809,-0.003330,0.001511,-0.002034,-0.015381
exploitation,-0.013659,0.053815,-0.036677,-0.004897,0.010958
exploration,-0.060954,0.060706,-0.174095,0.093350,-0.056183
exploration exploitation,-0.011165,0.038348,-0.028395,0.001085,0.014027
exploratory,-0.006202,0.012504,-0.012332,0.024006,-0.018288
explore,-0.011136,-0.001530,-0.030640,0.025002,0.009235
exploring,-0.008138,-0.012064,-0.011581,0.007701,0.029219
expressed,0.013623,0.006105,0.001930,-0.008500,0.005970
extended,-0.000309,-0.012526,0.019117,0.011186,0.026570
extension,0.018757,0.013074,-0.011241,0.008952,-0.004236
extensive,-0.022817,-0.002471,-0.015449,0.008813,-0.008922
external,0.026961,0.003448,-0.003260,-0.047572,0.015908
external states,0.025602,0.000563,0.001370,-0.034647,0.012032
factor,-0.004362,0.018151,-0.022207,-0.009083,-0.009565
features,0.003768,-0.010930,0.001401,0.006206,-0.004304
feedback,-0.004367,-0.018710,0.016641,0.002899,0.013094
fep,0.263032,0.034705,0.002104,0.163158,-0.010446
field,0.011781,-0.017244,0.004578,-0.032469,0.012857
fields,0.003399,-0.013746,0.011987,0.001866,0.021257
filtering,0.004874,0.016598,0.019674,-0.012760,-0.004076
finally,-0.003280,0.002748,0.019770,-0.002658,0.010730
findings,-0.012740,-0.019200,-0.003450,0.016947,0.025475
finite,-0.014267,0.013453,0.011367,-0.031934,-0.001113
flexible,-0.018233,0.006700,-0.011323,0.022291,-0.009291
flow,0.037192,-0.002051,0.009427,-0.012983,-0.002685
focus,0.008958,0.006842,0.019053,0.002474,0.003697
following,0.002255,0.002317,0.016959,0.009898,-0.015063
force,0.001795,-0.007550,0.007839,0.007452,-0.017144
form,0.008030,0.024519,-0.011215,-0.010326,0.010307
formal,0.024863,-0.006157,0.003546,-0.032248,0.041511
formalism,0.015573,0.006485,0.009766,-0.004460,0.017038
formally,0.002976,0.006519,0.001213,-0.015622,0.019768
formation,-0.010487,-0.004292,-0.005053,-0.011306,-0.004484
formulated,-0.002064,0.009458,-0.008119,-0.005691,-0.011278
formulation,0.038459,0.043772,0.037734,-0.008816,0.016683
formulations,0.031137,0.028669,-0.005556,-0.000614,-0.003309
forward,-0.010849,0.005114,0.011844,0.007587,-0.025968
foundation,0.013729,0.007318,-0.015937,0.001826,0.031601
framework,-0.039360,0.020458,-0.027430,0.035910,0.083043
frameworks,-0.007797,0.004230,0.027185,0.006657,0.024968
free,0.289831,0.219522,-0.054190,0.097063,-0.041402
free energy,0.298236,0.215506,-0.046403,0.097703,-0.037685
friston,0.015172,0.005656,0.013008,-0.032001,0.026041
fully,-0.007748,0.009444,-0.007707,0.012409,-0.006712
function,0.004815,0.015765,-0.002906,-0.027138,-0.000894
functional,0.017280,0.020993,0.003796,-0.014661,0.005561
functions,-0.002898,0.010189,0.020079,-0.013731,-0.001151
fundamental,0.010594,-0.013487,0.001175,0.017621,0.030914
furthermore,-0.012701,-0.007875,0.020794,0.008972,0.005268
future,-0.010991,0.035917,-0.028561,0.029900,0.018228
gain,0.003926,0.023398,-0.043081,-0.030612,-0.014551
game,-0.004829,0.005787,-0.029545,-0.028955,0.011158
games,0.004893,-0.001461,-0.003360,-0.041019,0.002110
gap,-0.005015,0.003990,-0.005156,0.002952,0.006540
gaussian,0.009144,-0.005483,0.012252,-0.044678,-0.027826
general,0.024129,0.002683,-0.001532,-0.024074,0.032704
generalization,-0.016322,-0.024322,0.006840,0.021673,-0.037679
generalized,0.022367,-0.000517,-0.000430,-0.036042,-0.019210
generally,0.007190,0.012017,-0.014469,-0.002948,-0.004365
generate,-0.001008,-0.013772,-0.004855,0.011305,-0.013540
generated,-0.006339,-0.029880,0.000812,0.000213,-0.011066
generation,-0.004934,-0.008441,0.005912,0.013542,-0.000790
generative,-0.032560,0.039349,0.070866,0.031294,0.011573
generative model,-0.017708,0.032749,0.020144,0.036567,-0.023219
generative models,-0.017974,0.024502,0.068390,-0.001199,0.045868
geometry,0.005383,0.004356,0.000706,-0.038649,0.020597
given,-0.004520,0.005747,-0.010346,-0.026664,-0.029103
global,0.006324,-0.010375,-0.026144,0.005321,0.028519
goal,-0.055901,0.036514,-0.071578,0.086486,-0.068309
goal directed,-0.032940,0.024792,-0.039878,0.084604,-0.065607
goals,-0.027704,0.022236,-0.025809,0.020542,-0.010095
gradient,0.027204,0.011142,0.021546,0.006062,-0.027604
gradients,0.026471,0.022035,0.003991,-0.006635,-0.011960
graph,-0.014555,0.009477,-0.032260,0.014873,-0.008816
graphs,0.002458,0.008640,-0.017976,-0.011469,-0.010262
grid,-0.019589,0.008572,-0.029804,0.011865,-0.018553
ground,0.002984,-0.016381,-0.002627,0.001728,-0.006433
grounded,-0.004845,0.001277,-0.028040,0.021674,0.012525
group,-0.005785,-0.014619,-0.002676,-0.006402,-0.012262
hand,-0.002238,0.000181,0.014152,0.006487,-0.004225
hardware,-0.014536,-0.013279,-0.023952,-0.001077,0.017107
heterogeneous,-0.011765,-0.018346,-0.018610,-0.021482,0.003146
hidden,-0.000052,0.017850,0.016785,-0.019333,-0.006216
hierarchical,-0.013925,-0.036172,-0.007899,0.065088,-0.009599
hierarchical active,-0.019262,-0.011500,-0.020997,0.029478,-0.001491
high,-0.029600,-0.007370,0.023223,0.014398,-0.037456
high dimensional,-0.014274,0.008381,0.027208,0.007180,-0.023823
high level,-0.012000,-0.004283,-0.006013,-0.009170,-0.009364
higher,0.012490,-0.015097,-0.006434,0.000779,-0.004722
highlight,0.005214,0.019978,-0.002469,0.024761,0.014329
highly,-0.005959,-0.004874,-0.002097,0.002467,0.001954
home,-0.010597,-0.026067,-0.019675,-0.013665,-0.031333
horizon,-0.028637,0.045475,0.009362,-0.024356,0.002771
human,-0.053821,-0.130514,0.035752,0.128969,0.105367
human brain,0.004172,-0.026295,0.014372,0.026903,0.016010
human like,-0.006621,-0.008090,0.014702,0.035615,0.008252
human robot,-0.007629,-0.038197,0.025215,0.041359,0.017384
humans,-0.014620,-0.014085,0.005662,0.052917,0.006342
hybrid,-0.019071,-0.002241,0.022517,0.008187,0.005245
hypothesis,0.009175,-0.014412,0.010711,0.004200,0.001726
idea,0.002655,0.010815,0.018047,0.007687,-0.007315
ideas,0.017054,0.003281,0.030689,0.014099,0.038428
identification,0.003238,-0.012299,0.009079,-0.000021,-0.000449
identify,0.003676,-0.006709,-0.005729,-0.031213,-0.004738
ii,0.006993,0.001179,-0.013215,-0.004817,0.006540
iii,0.002435,-0.001223,-0.007032,0.002663,0.001829
illustrate,-0.000913,0.021985,0.000293,-0.000487,0.010630
image,-0.009119,-0.016513,0.017983,-0.013470,-0.018069
imaging,-0.006409,-0.026204,0.012056,-0.034962,-0.030555
implement,-0.008470,0.009043,0.005423,0.006414,0.013357
implementation,0.006669,0.001262,0.035658,0.023876,0.004916
implementations,-0.010190,0.022866,0.020561,0.000911,0.012793
implemented,-0.000843,-0.004695,0.013871,0.024998,-0.008020
implications,0.009669,-0.000575,0.007097,-0.011118,0.028459
important,0.003728,-0.016789,0.005416,0.003284,0.006683
improve,-0.011204,-0.014777,0.003918,-0.018978,-0.010427
improved,-0.017668,0.003288,0.010837,0.000998,-0.013020
improves,-0.014378,0.001225,-0.016445,0.006770,0.009655
including,0.011267,-0.015036,-0.003945,-0.007950,0.011425
incorporating,-0.010100,0.004538,-0.022483,0.014928,-0.009824
independent,0.004046,-0.005130,0.010981,-0.016370,-0.011052
individual,-0.012203,-0.017817,-0.024437,-0.000505,0.035956
infer,-0.019323,-0.017687,-0.006237,-0.012133,-0.028757
inference,-0.179721,0.267318,0.159620,-0.097073,0.140062
inference active,-0.021638,0.042616,0.011747,-0.014416,0.016023
inference agent,-0.026320,0.049371,0.000077,0.010179,-0.006135
inference agents,-0.026667,0.071460,-0.027820,-0.026830,0.039017
inference aif,-0.017034,0.017544,-0.022699,0.024321,-0.005147
inference based,-0.020613,0.013982,0.007814,-0.006460,0.001110
inference framework,-0.024766,0.019547,0.003030,0.031107,0.014616
inference model,-0.013148,0.006747,-0.010349,0.030296,-0.019379
inference problem,-0.002185,0.016093,0.017329,-0.009891,-0.003945
inferred,-0.011368,-0.034582,-0.001346,-0.031612,-0.033402
inferring,-0.014602,-0.010919,-0.014112,0.009120,-0.023527
influence,0.002217,-0.008727,-0.002309,0.007190,-0.000225
information,0.054463,-0.070120,-0.081630,-0.069790,-0.036124
information gain,0.006070,0.027560,-0.044869,-0.027719,-0.016330
information processing,0.020882,-0.012637,-0.013869,0.006207,0.009528
information seeking,-0.003116,0.019656,-0.026396,-0.003744,-0.002250
information theoretic,0.024368,0.000088,-0.012761,-0.001701,-0.002007
initial,-0.003866,-0.010574,0.000871,-0.020694,-0.014886
input,0.004078,-0.015984,0.059583,0.026515,-0.042831
inputs,-0.001747,-0.001470,0.034859,0.030553,-0.022658
insights,-0.004867,-0.020023,-0.013304,0.015400,0.016146
inspired,-0.027502,-0.010586,-0.011722,0.087793,-0.012867
integrated,0.004510,-0.007371,-0.008682,0.020482,0.011604
integrates,-0.009077,0.008623,-0.010181,0.017485,-0.007571
integrating,-0.014533,-0.009032,-0.005020,0.017398,0.005392
integration,-0.022110,-0.005107,-0.003075,0.013097,0.007916
intelligence,-0.007318,-0.050836,-0.019833,0.042573,0.183503
intelligent,-0.013694,-0.002900,-0.026913,0.012213,0.035046
interact,-0.001830,0.012733,0.000561,0.014423,0.002292
interacting,0.008235,-0.009705,0.001596,0.021109,0.012260
interaction,-0.016044,-0.041876,0.028303,0.091182,0.048974
interactions,-0.010255,-0.026310,-0.018070,0.019694,0.022558
interactive,-0.011332,-0.014245,-0.015274,0.006765,0.000497
internal,0.031382,0.001668,0.018281,-0.008203,0.011100
internal states,0.028563,0.008136,-0.000651,-0.029189,0.008810
interpretation,0.034539,0.013361,0.000028,-0.032164,0.000398
interpreted,0.013894,0.007423,0.006818,-0.005960,0.010990
intrinsic,-0.008656,0.011534,-0.038941,0.009697,0.014923
intrinsic motivation,-0.004201,-0.000998,-0.019503,0.002395,0.002368
introduce,-0.011861,-0.000486,-0.010503,-0.009909,0.008659
introduces,-0.013050,-0.004054,-0.034035,0.012066,0.011101
introducing,-0.005129,0.002693,0.009350,0.003078,0.000576
inverse,0.003787,0.002575,0.020400,-0.001125,-0.015469
investigate,0.004564,0.013360,-0.004641,0.010238,-0.005848
iot,-0.007507,-0.026017,-0.005701,-0.028202,-0.012658
issues,0.013302,-0.005688,-0.002957,-0.008597,0.001134
joint,-0.011728,-0.005140,-0.021960,-0.014087,0.013400
kalman,0.013418,0.011099,0.039535,-0.002301,-0.009670
key,-0.001607,-0.007690,-0.021278,0.013298,0.016652
kind,0.011999,0.003313,-0.002361,-0.005641,0.003824
kinds,0.010858,-0.000234,0.003764,-0.023181,0.007448
knowledge,-0.019568,-0.066630,-0.011445,0.000530,-0.015634
known,0.012687,0.009373,0.004422,-0.014692,-0.006967
labels,-0.007272,-0.019493,0.003025,-0.018744,-0.038606
lack,0.001547,-0.017548,0.000731,-0.000949,-0.001132
language,0.003187,-0.038313,-0.033291,-0.011319,0.030577
language models,-0.012729,-0.035286,-0.021634,-0.015960,0.014414
large,-0.029154,-0.047965,-0.013603,-0.035471,-0.017757
large language,-0.013028,-0.031919,-0.018789,-0.011172,0.016401
large scale,-0.004893,-0.012034,-0.009048,-0.003648,-0.011038
latent,-0.016340,-0.006706,0.016759,0.023857,-0.059246
law,0.005706,-0.012713,0.011975,0.001280,-0.009648
layer,-0.007263,-0.011511,-0.023450,0.012527,0.003859
layers,-0.005635,-0.003902,-0.017192,0.003074,-0.001380
lead,-0.002800,-0.005453,-0.010750,0.000975,-0.004437
leading,-0.001302,-0.005029,-0.008580,-0.011447,0.001431
leads,0.012270,-0.003839,0.001825,-0.007684,-0.004510
learn,-0.022069,0.006858,-0.011580,0.053121,-0.038887
learned,-0.018208,0.002420,0.021105,0.021967,-0.030193
learning,-0.089713,0.053836,0.055809,0.172537,-0.108421
learning active,-0.024384,0.030082,-0.002194,0.023983,-0.003734
learning model,-0.010489,-0.000339,0.008087,0.014581,-0.016202
learning rl,-0.012217,0.031001,-0.014430,0.006286,-0.002396
learns,-0.013300,0.002391,0.014071,0.038054,-0.025414
lens,0.000237,0.014741,0.019593,-0.019828,0.019455
level,-0.011335,-0.031828,-0.029569,0.000564,-0.006398
levels,0.000380,-0.012672,-0.014841,0.027539,0.008327
leveraging,-0.017510,-0.002409,-0.003884,-0.001051,-0.005805
life,0.016640,-0.012716,-0.001785,0.001935,0.024614
like,-0.011793,-0.024536,0.023116,0.032707,0.023425
likelihood,0.009187,0.009927,-0.002898,-0.020240,-0.011071
limitations,-0.020091,-0.004596,0.007056,0.017780,0.008795
limited,-0.008870,-0.000663,0.017484,0.007726,-0.001597
linear,0.032605,0.015336,0.032638,-0.033896,-0.015253
literature,0.001548,0.009540,0.003627,-0.003603,0.016223
living,0.023380,0.005724,0.029533,0.013627,0.038573
llm,-0.016641,-0.041558,-0.035840,-0.039364,-0.002803
llms,-0.016193,-0.036656,-0.019607,-0.029635,0.028420
local,0.027006,-0.012148,-0.020723,0.006557,-0.026737
long,-0.018697,-0.006743,-0.039544,0.016320,-0.008566
long term,-0.004464,-0.020427,-0.021706,0.001581,0.006394
loop,-0.010131,-0.006975,0.034579,0.003648,0.025667
low,-0.020742,-0.010461,0.004985,-0.011262,-0.033754
low level,-0.012707,-0.003101,-0.008011,-0.007999,-0.003866
lower,-0.002305,-0.007269,-0.004662,0.002830,-0.014134
machine,0.012426,-0.013779,0.039976,0.042552,-0.022887
machine learning,0.009771,-0.014468,0.024108,0.022997,-0.033916
main,0.004190,-0.007038,-0.001870,-0.006846,0.006277
maintain,0.001202,0.002645,-0.014963,0.010605,0.013346
make,0.010211,0.009724,-0.000500,-0.004617,0.009932
makes,-0.001895,0.001701,0.006864,0.007953,-0.012879
making,-0.032238,0.041870,-0.089496,0.008382,0.050604
manipulation,-0.025970,0.012874,-0.013409,0.021011,-0.027307
manner,-0.005419,-0.005568,0.000766,0.015488,-0.003296
map,-0.014690,-0.008729,-0.071687,0.034169,-0.026595
mapping,-0.014148,0.005688,-0.026635,0.010010,-0.001963
maps,-0.020904,-0.017447,-0.031769,0.043081,-0.026400
markov,0.064918,0.029112,-0.032916,-0.098644,0.026104
markov blanket,0.056615,0.015789,-0.017095,-0.031784,0.014989
markov blankets,0.033439,-0.000614,-0.017278,-0.032257,0.013691
markov decision,-0.013885,0.020244,-0.011276,-0.041388,0.000292
mathematical,0.024989,0.034591,0.059019,-0.006024,0.041687
mathematically,0.025518,0.002910,-0.001976,-0.002106,-0.003968
maximization,0.012001,0.003698,-0.018537,-0.006380,-0.009019
maximize,-0.011432,0.004631,-0.013480,-0.010225,-0.015616
maximum,0.013367,-0.000209,0.002090,-0.017325,-0.001653
maze,-0.005126,0.013861,-0.035619,0.013333,-0.007316
means,-0.003616,-0.003241,0.005469,-0.013397,-0.016155
measure,0.009124,-0.007920,0.002737,-0.003805,0.005142
measurement,0.000267,-0.012608,0.001907,-0.022711,-0.025733
measurements,-0.002357,-0.012330,0.001615,-0.018251,-0.022307
mechanics,0.104362,-0.003395,0.015527,-0.097284,0.011550
mechanism,-0.001055,-0.011002,-0.007810,0.014126,0.008867
mechanisms,-0.006127,-0.020491,-0.005440,0.034996,0.024602
memory,-0.006694,-0.041933,-0.034101,0.044923,0.019559
message,-0.003047,0.052145,-0.037624,-0.008448,-0.004416
message passing,-0.001824,0.049749,-0.030944,-0.008171,-0.002102
meta,0.006190,-0.023131,0.008737,0.013565,0.012684
method,-0.031432,-0.003735,-0.019517,-0.026924,-0.032413
methodology,-0.013350,-0.006208,0.006938,-0.012533,0.006245
methods,-0.019180,0.017963,0.008835,-0.011140,-0.019552
mind,0.011082,-0.023263,0.021341,0.031529,0.049786
minimal,0.009976,-0.006857,-0.000694,0.007309,0.007528
minimisation,0.008291,0.010208,0.041509,-0.002531,0.004140
minimising,-0.001399,0.033184,-0.016211,0.016013,0.000675
minimization,0.032839,0.060032,-0.037065,0.014418,-0.017700
minimize,0.003555,0.022513,0.018705,0.028222,-0.010694
minimizing,0.004235,0.049041,-0.003020,0.017605,-0.010201
mobile,-0.018836,-0.049851,-0.008611,-0.016441,-0.032821
model,-0.059429,-0.006345,0.002467,0.183395,-0.101912
model based,-0.023136,0.022815,-0.005086,0.017021,-0.001056
modeling,-0.004193,0.004137,-0.019329,0.011469,0.013723
modelling,0.015671,0.006164,0.008438,-0.013282,0.003757
models,-0.035002,-0.053197,0.078755,0.035141,0.023052
modular,-0.012892,-0.003151,0.022712,0.021692,0.002981
motion,-0.012600,-0.003390,-0.030486,0.027678,-0.017483
motivated,-0.006689,0.000425,-0.006512,0.001782,-0.005230
motivation,-0.006203,-0.001711,-0.018452,0.000591,0.004296
motor,-0.029986,-0.010414,0.082277,0.131198,-0.052688
movements,-0.014763,-0.004768,0.024103,-0.010390,0.004354
multi,-0.047087,0.006920,-0.108641,0.004176,0.013109
multi agent,-0.022551,0.004876,-0.084046,0.005819,0.044796
multimodal,-0.014568,-0.006885,0.027078,0.022428,-0.004248
multiple,-0.017199,0.006439,-0.015084,-0.014332,-0.009720
natural,0.011230,0.001715,-0.005583,0.007192,0.025114
naturally,0.005894,0.002617,-0.023107,-0.001109,0.017360
nature,0.001871,-0.011225,0.009693,-0.004524,0.007224
navigation,-0.073474,0.004045,-0.187784,0.162324,-0.077532
necessary,0.004475,0.002088,0.019768,-0.017142,0.005588
need,-0.015900,-0.008803,0.003444,-0.011764,-0.011010
needs,-0.008689,-0.022501,-0.021975,-0.008002,-0.008549
network,-0.002970,-0.050504,0.035309,0.073306,-0.078200
networks,0.006361,-0.036859,0.054366,0.063385,0.005748
neural,0.038856,-0.013978,0.097785,0.097417,-0.075098
neural network,0.001899,-0.013026,0.020846,0.043437,-0.053708
neural networks,0.010913,-0.007098,0.030144,0.042245,-0.018059
neuronal,0.027117,-0.006538,0.008579,0.005293,0.027926
neurons,0.009004,-0.026507,-0.004316,-0.009220,0.009932
neuroscience,0.006652,0.036232,0.064871,0.028977,0.042457
new,-0.015808,-0.008851,-0.003519,-0.014723,-0.000096
noise,0.010455,-0.010134,0.035285,-0.012860,-0.031348
non,0.016933,-0.019559,-0.018386,-0.000901,0.022649
normative,0.005194,0.018589,-0.000138,-0.002240,0.032609
notion,0.009754,0.010489,-0.002267,-0.010060,0.020454
novel,-0.038121,0.003473,-0.022922,0.011582,-0.017848
number,-0.008385,-0.024234,0.010852,-0.054943,-0.028573
numerical,0.003718,0.003130,-0.002214,-0.017108,0.002889
object,-0.014741,-0.004219,0.017840,0.004176,-0.115603
objective,-0.013196,0.040572,-0.021596,-0.017537,-0.014901
objectives,-0.004558,0.010893,-0.044975,0.005976,-0.003876
objects,-0.006343,-0.007273,0.002370,-0.016249,-0.059131
observable,-0.012838,0.031728,-0.010875,-0.006141,-0.014943
observation,-0.015501,0.013421,-0.026857,-0.012416,-0.021028
observations,-0.006815,0.050908,-0.044348,0.009564,-0.043823
observed,-0.008616,0.003798,0.008808,-0.006814,-0.005855
offer,-0.003368,-0.009326,0.000782,-0.001948,0.018572
offering,-0.005863,-0.002598,-0.016975,0.003585,0.034757
offers,-0.012591,0.012999,0.005122,0.003059,0.028194
online,-0.026143,-0.002134,0.011061,-0.004072,-0.035280
open,-0.008123,-0.024436,0.013640,-0.037266,0.012009
operator,-0.000529,-0.026243,-0.004279,0.006860,-0.008365
optimal,-0.014754,0.044639,0.023955,-0.060487,-0.011574
optimization,-0.014812,-0.003128,0.021035,-0.016810,-0.026644
optimize,-0.009278,0.001198,-0.008469,-0.006205,0.003518
optimizing,-0.008655,-0.000556,-0.003026,-0.005903,-0.009802
order,-0.001828,0.001401,0.011701,-0.011497,-0.026853
organisms,0.005164,0.003240,0.025915,0.028835,0.002520
organization,0.015773,-0.012104,-0.002355,0.013776,0.007496
organizing,0.010902,-0.004022,-0.012421,0.023962,0.023893
oriented,-0.014392,-0.008397,-0.015244,0.019880,-0.016177
outcomes,-0.005758,0.016417,-0.011027,-0.002954,-0.001046
outperforms,-0.012134,-0.000640,0.001819,-0.003699,-0.009092
output,0.006640,-0.009918,0.020324,0.016568,-0.021717
paper,0.005562,0.038036,0.004022,-0.005560,0.026111
paper introduces,-0.012399,0.001474,-0.033075,0.010670,-0.001880
paper presents,0.001682,-0.006227,0.001383,0.019845,0.007736
paradigm,-0.006496,-0.001028,-0.006780,0.000859,0.027798
parallel,-0.012520,0.002609,0.007326,-0.009785,-0.001954
parameter,-0.002308,-0.000844,0.002813,-0.003574,-0.011899
parameters,-0.002815,-0.003922,0.034768,-0.029752,-0.035826
partial,-0.014331,0.004227,-0.025114,-0.008180,-0.021198
partially,-0.016797,0.033789,-0.005250,-0.019661,-0.007259
partially observable,-0.009956,0.027644,-0.011228,-0.006187,-0.011258
participants,-0.004292,-0.013561,-0.006295,-0.000121,-0.013351
particles,0.029848,-0.013940,-0.011312,-0.043857,0.011137
particular,0.062392,0.020912,0.021801,-0.032727,-0.007025
particularly,0.002698,-0.011980,-0.001086,0.000402,-0.007097
passing,-0.001824,0.049749,-0.030944,-0.008171,-0.002102
passive,-0.000206,-0.004195,0.005149,-0.001444,-0.011238
past,-0.003849,0.005033,-0.004479,0.026825,-0.012005
path,-0.001370,-0.008798,-0.026874,-0.011350,-0.012140
paths,0.005561,0.000977,-0.004038,-0.016599,-0.019955
pattern,-0.003572,-0.019628,-0.005482,-0.012148,-0.016339
patterns,-0.011887,-0.015335,-0.004484,-0.000864,0.003686
perception,-0.008289,0.029897,0.167469,0.105303,0.011613
perception action,-0.011444,0.025449,0.087407,0.055166,0.006422
perceptual,-0.007968,0.004754,0.010955,0.033181,-0.003403
perform,-0.015681,0.002071,0.013208,0.012167,-0.023447
performance,-0.051228,0.008261,-0.004024,0.003228,-0.037464
performing,0.021229,0.010204,0.004473,-0.002778,-0.006808
performs,-0.008392,0.004411,0.000071,0.001019,-0.011823
person,0.018413,-0.018456,-0.005064,0.005419,0.019988
perspective,0.002347,-0.004856,0.032439,0.011956,0.022772
perspectives,0.008116,-0.003826,0.005630,0.017383,0.014758
physical,0.045918,-0.015588,-0.034921,0.001606,0.012487
physics,0.076777,-0.000264,-0.013286,-0.034182,0.003464
plan,-0.023896,0.013284,-0.003674,0.001609,-0.011798
planning,-0.084874,0.097884,-0.061442,-0.001582,-0.037976
plausible,0.005598,0.008638,0.014913,0.021159,-0.002264
point,0.010484,-0.007278,0.016619,-0.031560,-0.026870
points,0.014686,-0.012201,-0.001416,-0.027306,-0.016347
policies,-0.019661,0.012273,0.005673,-0.018200,-0.019333
policy,-0.043130,0.055088,-0.012345,-0.006145,-0.081847
pomdps,-0.010724,0.015699,-0.015732,-0.044532,0.011887
position,0.010619,0.001074,0.011601,0.008138,-0.012233
possible,-0.001535,-0.004186,-0.016314,-0.026690,-0.011726
posterior,0.008206,0.005408,-0.003769,-0.012355,-0.020839
potential,-0.016167,-0.006239,0.020395,0.012946,0.014602
potentially,-0.007614,-0.014138,0.008690,-0.005623,0.003192
power,0.000667,-0.022699,0.011343,-0.010900,0.023242
powerful,-0.002401,-0.000618,0.002350,0.005484,-0.001856
practical,-0.012253,0.012157,0.017037,-0.003563,0.018116
pre,-0.011329,-0.020668,-0.002926,0.003081,-0.025959
precision,-0.007306,-0.019017,0.025814,-0.016318,-0.023509
predict,-0.011260,-0.004297,-0.000881,0.019171,-0.010635
predicted,-0.002902,0.008665,-0.011522,0.012852,-0.009665
predicting,-0.005263,-0.014855,0.002795,0.001573,-0.008567
prediction,0.005586,-0.016606,0.053800,0.075028,-0.006317
prediction error,0.006385,-0.007435,0.041070,0.042291,0.011863
prediction errors,0.000400,0.007247,0.016103,0.015566,-0.004302
predictions,-0.002107,-0.010492,0.035559,0.026357,0.006627
predictive,0.003213,-0.043506,0.095932,0.131831,0.042166
predictive coding,0.015374,-0.036600,0.070132,0.099851,0.015833
predictive processing,0.003176,-0.018835,0.056281,0.039164,0.035405
predicts,-0.004858,-0.010063,0.001172,0.012030,-0.008342
preference,-0.019939,0.035474,-0.044984,-0.009800,-0.003785
preferences,-0.026631,0.006775,-0.054208,-0.028778,0.002066
presence,-0.000211,-0.003690,0.014513,-0.005602,-0.015421
present,-0.005540,0.033590,0.014741,0.006834,0.001773
presented,0.020054,0.000825,0.007531,-0.022314,-0.005019
presents,-0.002964,0.003450,0.015180,0.014283,0.009141
previous,-0.003460,0.007745,-0.000211,0.003500,-0.006263
previously,0.004883,-0.003496,-0.000581,0.003379,-0.001045
primary,-0.004858,-0.010128,0.008268,0.007210,0.005101
principle,0.259120,0.057728,-0.011478,0.089385,0.010384
principle fep,0.066155,0.014150,-0.002955,0.043643,-0.004802
principled,-0.005668,0.006353,-0.000368,-0.005548,0.017880
principles,0.029421,0.003555,-0.001397,0.013042,0.034610
prior,-0.019123,0.020094,-0.033725,0.009568,-0.037155
priors,-0.003222,0.016951,0.000182,-0.003802,-0.004819
privacy,-0.008588,-0.026875,-0.003384,-0.024753,-0.027693
probabilistic,-0.028467,0.014997,0.006450,-0.029947,0.000177
probability,0.009419,0.012895,-0.000515,-0.029130,-0.009282
problem,-0.027844,0.036960,0.020911,-0.084223,-0.042477
problems,-0.004157,0.029569,0.024525,-0.058922,0.003974
process,0.005061,-0.011117,0.044208,-0.030527,-0.010193
processes,-0.009848,-0.022543,0.030907,-0.069225,0.015937
processing,0.002645,-0.043850,0.047052,0.036195,0.027932
produce,-0.000185,0.008394,-0.007787,0.000026,-0.000745
progress,-0.010370,-0.010159,-0.014817,0.008044,0.024069
promising,-0.010759,0.006086,0.015941,0.004172,0.000651
proof,0.000880,-0.001478,-0.004519,0.005490,0.003536
properties,-0.003983,-0.006437,0.002547,0.000577,-0.004247
propose,-0.026533,-0.021953,-0.003708,0.023917,-0.004330
propose novel,-0.012649,0.006966,-0.000939,0.010484,-0.013049
proposed,-0.011226,-0.005318,0.001438,0.025466,-0.042867
proposed framework,-0.008588,0.008276,-0.016430,-0.001549,0.009928
proposes,-0.006896,-0.001914,-0.019306,0.009073,0.006012
provide,0.011195,-0.014382,0.041746,-0.005457,0.016581
provided,0.008902,-0.014901,-0.001069,-0.006062,-0.023385
provides,0.004044,0.009716,0.021703,-0.020476,0.012599
providing,-0.009654,0.012057,-0.002395,0.004811,0.020701
psychology,0.003647,-0.010803,-0.000133,0.012676,0.013668
quality,-0.010953,-0.040777,-0.004615,-0.030610,-0.015813
quantum,0.086764,-0.031244,0.009259,-0.005268,0.026711
question,-0.003852,-0.013520,-0.007315,0.001918,0.005491
questions,-0.009717,-0.028373,-0.013177,-0.004154,-0.013459
random,0.022398,-0.020820,0.000689,-0.044986,-0.028005
range,0.007814,-0.003336,-0.007004,-0.005758,-0.003679
rate,-0.011592,-0.022875,0.002821,-0.030929,-0.011098
reaching,-0.009666,0.002400,0.021484,0.015460,-0.015649
reactive,-0.018570,0.009278,-0.018369,-0.005200,0.010377
real,-0.039571,-0.008657,-0.007552,0.040020,-0.025629
real time,-0.018712,-0.015441,-0.009395,-0.003452,0.011181
real world,-0.030083,0.007907,-0.019413,0.032122,-0.028637
reasoning,-0.012816,-0.026891,-0.042558,0.017009,0.012021
recent,-0.015041,0.028846,0.017414,0.013358,0.018916
recently,-0.004334,0.014166,0.028041,-0.008859,0.008594
recognition,0.002731,-0.036651,0.038032,0.047028,-0.033647
recurrent,-0.001008,-0.001219,0.007466,0.022624,-0.026239
reduce,-0.000639,0.007802,-0.009181,0.004868,-0.007546
reduces,-0.004405,0.006775,-0.012702,0.003508,-0.004548
reduction,-0.001726,-0.010557,-0.002176,-0.010923,0.010951
reference,0.001228,-0.004495,0.013477,-0.008268,-0.013394
regulation,-0.002992,-0.010467,0.011919,0.032845,0.030325
reinforcement,-0.051258,0.067012,-0.020576,0.021239,-0.021496
reinforcement learning,-0.051733,0.068661,-0.018798,0.019847,-0.028157
related,0.011653,-0.020776,0.000653,-0.008363,-0.012716
relation,0.005406,0.004541,0.014547,0.009183,-0.005920
relationship,0.004163,0.010535,-0.003916,-0.010373,0.022260
relationships,-0.003706,-0.016801,-0.006557,-0.000985,-0.011477
relative,-0.002837,-0.008099,0.006749,-0.007036,-0.002670
relevant,0.001075,0.000684,0.008289,0.001981,0.003486
reliable,-0.011864,-0.015841,0.007605,-0.002983,-0.005619
rely,-0.015509,-0.009074,-0.002635,0.011853,-0.001362
remains,-0.008837,-0.004556,-0.011342,0.001030,0.002254
represent,-0.000760,-0.004955,0.007180,-0.008640,0.009818
representation,-0.009885,-0.005160,0.057571,0.016202,-0.020260
representations,-0.000947,0.007915,0.047157,0.022332,-0.022191
representing,-0.002953,-0.010514,-0.005435,-0.001545,-0.010947
represents,0.007971,-0.002700,0.004602,0.000454,-0.000832
require,0.001099,0.003207,0.012412,-0.005770,0.003970
required,-0.000757,-0.003589,-0.002628,-0.009058,0.004415
requirements,-0.004651,-0.020275,-0.008646,-0.016236,0.003941
requires,-0.010323,0.001037,-0.018091,0.015735,-0.000814
research,-0.000449,-0.031061,0.002292,0.021204,0.087392
resource,-0.015261,-0.002937,-0.037224,-0.018487,0.011529
resource allocation,-0.010682,-0.006949,-0.002527,-0.017863,-0.004540
resources,-0.006297,0.005328,-0.016600,-0.007079,0.010731
respect,0.017599,0.004473,0.002382,-0.008428,-0.008709
response,-0.001684,0.008679,-0.010301,0.001003,0.009782
responses,-0.000866,-0.010990,0.017565,-0.021687,0.006536
result,0.007079,-0.011454,-0.001981,0.007668,-0.005677
resulting,0.003997,0.005133,-0.007013,0.006526,-0.002343
results,-0.028170,0.014359,0.006607,0.006617,-0.030688
results demonstrate,-0.020623,0.013089,-0.008859,0.000184,-0.003559
reveal,0.014539,0.000456,-0.005447,0.000530,0.002226
review,0.005639,-0.011658,0.027842,0.009318,0.038234
reward,-0.050957,0.084355,-0.090259,-0.012599,0.013403
rewards,-0.019287,0.037445,-0.049493,0.016064,-0.007563
risk,-0.002588,-0.003579,-0.049070,0.010188,0.020720
rl,-0.041557,0.110688,-0.048591,0.006957,0.000967
robot,-0.040901,-0.040334,0.076105,0.109716,-0.078442
robotic,-0.035091,0.019801,0.009713,0.018321,-0.038686
robotics,-0.021494,-0.028538,0.075271,0.077911,0.061503
robots,-0.022134,-0.036793,0.021606,0.052552,-0.009907
robust,-0.022206,0.022025,-0.022123,-0.001639,-0.007978
robustness,-0.013527,0.011292,-0.007630,0.019920,-0.000062
role,-0.002949,-0.021487,-0.007897,0.028736,0.027603
rules,0.018542,-0.005781,-0.019895,0.015626,-0.010593
safety,-0.011580,-0.013819,-0.044241,0.003986,0.042545
sample,-0.008789,0.001982,0.002766,-0.011457,-0.024280
sampling,-0.014692,-0.005843,-0.001617,-0.033608,0.021103
scalable,-0.012398,0.012190,-0.013568,0.017681,-0.003947
scale,-0.001362,-0.014431,0.001012,-0.001143,-0.005822
scenarios,-0.023849,-0.002726,-0.021002,-0.003149,-0.010311
scheme,-0.009703,0.025347,0.028198,-0.020673,-0.018023
schemes,-0.004325,0.000129,0.004854,-0.006112,0.001396
science,0.006090,-0.017248,0.022232,0.020738,0.040495
sciences,0.009228,0.003601,0.035549,0.011238,0.023015
search,-0.021711,0.022007,-0.034536,-0.039713,-0.043362
second,0.001358,-0.013579,-0.000502,0.002928,0.014730
seeking,-0.002013,0.023301,-0.034572,-0.000340,0.004464
seen,0.005749,0.003104,0.016199,-0.007217,0.013178
selection,-0.021182,0.030409,0.003649,-0.022092,-0.004390
self,0.063408,-0.032143,-0.018908,0.127482,0.077716
self organizing,0.008177,-0.000409,-0.010206,0.021593,0.019830
self supervised,-0.006702,0.001864,-0.000115,0.031839,-0.016702
semantic,0.018532,-0.029900,-0.002717,-0.039356,-0.025532
semantics,0.020012,-0.012298,0.002934,-0.016532,0.010827
sense,0.016736,0.003952,-0.007441,0.001804,0.003640
sensing,-0.013919,-0.016404,0.009118,-0.045874,-0.016513
sensor,-0.016071,0.004606,0.008137,0.008490,-0.018167
sensorimotor,-0.003864,-0.006591,0.063250,0.065430,-0.035610
sensory,0.004511,0.006495,0.082092,0.082041,-0.073444
sensory input,0.001263,-0.007085,0.022090,0.018792,-0.011087
sentient,0.014016,0.010302,-0.004809,-0.004471,0.019349
sequences,-0.001259,-0.002089,0.011977,0.022610,-0.015898
sequential,-0.002316,0.004241,-0.010449,-0.040121,-0.015108
service,-0.012421,-0.017635,-0.023288,-0.017537,0.003229
set,0.004769,-0.000688,0.008080,-0.000032,-0.022026
setting,-0.006476,0.005870,-0.008841,-0.009748,-0.012121
settings,-0.010069,0.021889,-0.029445,0.010210,-0.012717
sharing,0.008967,0.001262,-0.023311,-0.001240,0.015897
short,0.006132,-0.006960,-0.014859,-0.010280,-0.005888
shot,-0.008874,-0.015947,0.003857,0.020470,-0.027040
showed,-0.013447,-0.002887,0.006005,-0.001652,-0.009791
showing,-0.002011,0.006393,0.002474,0.001964,-0.007377
shown,0.005458,-0.005177,0.015786,-0.008324,-0.011937
shows,-0.009931,-0.000077,0.007644,0.003079,-0.003704
signal,0.010169,-0.021818,0.004170,-0.017966,-0.019426
signals,-0.006159,-0.007943,0.008036,-0.003816,-0.010025
significant,-0.000284,-0.008709,-0.016462,-0.009242,-0.001711
significantly,-0.015407,-0.010583,0.004538,0.001964,-0.024153
similar,-0.008242,0.000783,-0.002237,-0.010316,-0.015791
simple,0.023668,-0.008268,0.012634,0.000579,-0.011538
simulate,-0.012764,0.011425,-0.008176,0.000869,0.019059
simulated,-0.021464,0.011339,-0.012585,0.039052,-0.025318
simulation,-0.006839,0.002600,-0.012688,0.014982,-0.017792
simulation results,-0.012326,-0.000368,0.002303,-0.000751,-0.009841
simulations,-0.011648,-0.005713,-0.006612,-0.019050,0.006495
simultaneously,-0.001500,-0.001519,-0.000085,0.007656,-0.009242
single,-0.005181,0.007958,-0.004340,0.013744,-0.020632
size,-0.001262,-0.020972,-0.002054,-0.014218,-0.018394
small,-0.003371,0.003180,0.005031,-0.010164,-0.006458
social,-0.007328,-0.064411,-0.013636,0.011009,0.064350
solution,-0.009351,0.015368,0.020530,-0.024240,-0.005163
solutions,-0.010667,0.007335,0.004045,-0.011066,-0.006031
solve,-0.011577,0.007664,-0.002219,-0.010579,-0.011377
solving,-0.005077,0.004765,-0.026207,-0.018043,0.002436
sophisticated,-0.015374,0.022108,-0.015835,-0.015749,0.009432
source,-0.006271,-0.013695,0.010933,-0.029386,-0.000834
sources,-0.001595,-0.022760,0.005277,-0.030517,-0.018668
space,-0.007310,0.023850,0.019486,-0.028223,-0.091670
spaces,-0.017723,0.033193,0.023580,0.003857,-0.007013
sparse,-0.011332,0.006308,-0.036492,0.003567,-0.024539
spatial,-0.013531,-0.024471,-0.048257,0.017074,-0.022733
specific,-0.002549,-0.015346,-0.001170,-0.001642,0.005694
specifically,0.001908,0.003133,0.017413,-0.017914,0.021460
specified,-0.002489,0.000872,-0.007784,-0.003784,-0.013488
standard,0.003668,0.020066,0.013036,-0.013093,-0.012587
state,-0.009172,0.087533,0.092083,0.007865,-0.094673
state art,-0.016564,0.009454,0.015015,-0.007351,-0.025520
state estimation,-0.001541,0.020479,0.053161,0.008202,-0.012215
state space,0.003346,0.030511,0.033085,0.003371,-0.040293
state spaces,-0.008958,0.044317,0.037559,-0.004253,-0.002236
states,0.069956,0.049725,0.011639,-0.084877,0.027984
statistical,0.042250,-0.012169,0.016380,-0.075111,0.009254
step,-0.011927,-0.001357,-0.014036,-0.008548,0.017017
steps,0.006279,-0.002511,-0.002453,-0.001891,-0.008296
stochastic,0.005684,0.021065,0.026112,-0.059140,-0.036876
strategies,-0.021337,-0.003324,-0.045351,0.010051,0.017459
strategy,-0.015626,-0.017947,-0.005436,-0.056475,-0.007071
stream,-0.004960,-0.016285,-0.002902,-0.004364,-0.011383
strong,-0.000508,-0.015736,0.002029,-0.001380,-0.001629
structural,0.003288,-0.004984,0.014821,0.018721,-0.003814
structure,0.006197,-0.012722,-0.029023,0.029270,-0.017734
structured,-0.010410,-0.011823,-0.026430,0.002649,0.012803
structures,-0.002747,-0.021863,-0.021037,0.025879,0.015286
studies,-0.011675,-0.017295,-0.005631,0.030738,-0.000848
study,-0.006886,-0.024602,0.015320,0.031491,0.007855
subject,0.006380,-0.004818,-0.002722,0.008607,0.007071
subjective,0.004314,-0.006039,0.003395,0.031399,0.016948
success,-0.013466,0.008391,-0.005694,0.011158,-0.014819
successfully,-0.012825,0.003809,-0.009291,0.001658,-0.011854
suggest,0.004077,-0.017579,0.016480,0.014339,0.027310
suggests,-0.002052,0.003116,0.011948,0.015207,0.008014
sum,0.000785,0.004681,-0.008090,-0.013636,-0.004836
supervised,-0.006538,-0.009526,0.006605,0.034112,-0.033145
support,-0.005814,-0.009032,0.002946,-0.001331,0.007550
surprisal,0.022107,0.004308,-0.000476,0.008064,-0.019202
surprise,0.008858,0.008754,0.017060,0.011067,-0.006188
survey,-0.007713,-0.012073,0.011482,-0.018025,0.005367
symbolic,-0.005418,-0.025519,-0.018377,0.002629,-0.001291
synaptic,0.029554,-0.014120,0.015625,0.035672,-0.025993
synthetic,-0.005942,0.006102,-0.022871,0.002009,0.007638
systems,0.112647,-0.025470,-0.001509,-0.052037,0.196070
target,0.013728,0.002983,-0.017294,0.005387,-0.057682
task,-0.047159,-0.012418,-0.054477,0.024447,-0.083752
tasks,-0.047872,0.011588,-0.039425,0.025416,-0.050639
technical,0.037885,0.018884,0.006440,-0.010367,0.001862
techniques,-0.006361,-0.015121,-0.002406,-0.019910,-0.028009
temporal,0.002709,-0.002698,0.006919,0.018190,-0.023972
term,0.006709,-0.010838,-0.022515,0.007604,-0.001788
terms,0.031043,0.031623,0.032907,-0.030345,0.036320
test,-0.008183,-0.016057,-0.000948,-0.005505,-0.004661
text,-0.007219,-0.009475,0.008797,-0.006585,-0.010730
theoretic,0.025485,0.001245,-0.014413,-0.005057,0.000216
theoretical,0.016279,0.020583,0.017825,0.005664,0.037591
theories,0.013041,-0.029053,0.020331,0.000578,0.059441
theory,0.066733,0.020791,0.093784,0.005261,0.078073
thermodynamic,0.021847,0.000041,-0.008188,0.004611,0.002880
thermodynamics,0.015172,-0.005867,0.005577,0.015461,-0.008765
things,0.034192,-0.016963,-0.004529,-0.029763,-0.006821
time,-0.024547,-0.000245,0.006872,-0.075417,-0.011756
tool,-0.008395,-0.004427,0.014672,-0.003459,0.010499
tools,0.001200,-0.006273,0.001675,-0.024741,0.039413
topological,0.002891,-0.009096,-0.031776,0.038201,-0.005995
total,-0.004786,-0.009697,-0.002154,-0.037525,-0.024120
trade,-0.003843,-0.007419,-0.011812,-0.009913,-0.003960
traditional,-0.026024,-0.003382,-0.007266,0.018382,0.024900
traffic,-0.002491,-0.023329,-0.004641,-0.019807,-0.007506
trained,-0.002144,-0.017890,0.003724,0.025500,-0.021771
training,-0.041605,-0.056239,-0.027927,0.030047,-0.050903
training data,-0.010034,-0.023256,0.001709,-0.006628,-0.022221
trajectories,0.008782,0.000281,0.011787,0.025063,-0.028413
trajectory,-0.006759,-0.019580,0.014086,-0.028548,-0.016636
transition,-0.023061,0.027849,0.008121,-0.000698,-0.022894
transitions,-0.007002,-0.000589,-0.003376,0.032573,-0.004394
tree,-0.011668,0.036805,-0.025257,-0.037194,-0.001169
tree search,-0.015008,0.031234,-0.010413,-0.034322,0.000131
type,-0.006630,-0.020295,-0.015964,-0.022977,-0.001639
types,-0.005462,-0.014848,-0.004142,-0.026437,-0.005205
typically,-0.009874,-0.000441,-0.003567,0.002284,-0.006883
uav,-0.024447,-0.009043,0.001046,-0.026607,-0.016951
uncertain,-0.016716,0.017866,-0.016194,0.010337,-0.003009
uncertainty,-0.005544,0.026392,-0.034458,-0.006658,0.003907
underlying,-0.008153,-0.014236,-0.012310,0.021394,0.004261
understand,-0.015813,-0.006688,0.011840,0.014134,0.008790
understanding,-0.012286,-0.021149,0.004960,0.026181,0.026095
unified,-0.002783,0.020388,0.014263,0.009255,0.023365
unifying,0.012627,0.021775,0.026711,0.017200,0.029896
universal,0.010823,-0.012141,-0.020159,0.020072,0.048418
unknown,-0.007457,-0.028109,-0.001521,-0.022688,-0.022966
unlike,-0.011680,0.004700,0.004477,-0.007472,-0.005092
updates,-0.009515,0.004998,-0.021876,0.013927,-0.017915
updating,0.004766,-0.004425,-0.009434,-0.006917,0.007608
use,-0.000862,-0.003955,0.019638,-0.021736,-0.012827
used,-0.003030,0.010476,0.016003,-0.013554,-0.022203
useful,0.002380,-0.005718,-0.002765,-0.005913,0.015470
user,-0.035245,-0.061575,-0.048417,-0.053792,-0.032393
users,-0.018465,-0.036002,-0.039278,-0.003260,-0.010690
uses,-0.011000,-0.017566,-0.010404,-0.012946,-0.042568
using,-0.012728,0.007870,0.001423,-0.016147,-0.059155
using active,-0.020578,0.011973,-0.015397,0.012651,-0.002968
utility,0.009672,0.043585,-0.017612,-0.023459,-0.002131
validated,-0.007712,-0.000390,0.003605,0.006314,-0.015874
validation,0.003376,-0.023161,0.007521,-0.005447,-0.018017
value,0.008770,0.048287,-0.045548,-0.039877,-0.017816
values,-0.001504,-0.002462,0.002206,0.006014,-0.007049
variables,0.008293,-0.001934,0.005716,-0.008974,-0.014639
variational,0.074791,0.106153,0.027819,0.000135,-0.023961
variational free,0.052861,0.059811,-0.000697,0.008346,-0.026535
variational inference,0.008806,0.039138,0.005624,-0.008020,0.003722
various,-0.004602,-0.001809,0.006793,-0.005319,-0.011317
vehicle,-0.012569,0.011935,-0.004828,0.029074,0.004322
view,-0.001361,-0.004560,0.026857,-0.000032,0.017807
vision,-0.013204,-0.015247,-0.002087,0.014330,-0.004071
visual,-0.014427,-0.011236,0.054262,0.060388,-0.058575
way,-0.006028,-0.006172,0.013117,-0.006606,0.013255
ways,-0.003260,0.004921,-0.001385,-0.003071,-0.005649
wide,0.005741,0.001052,-0.000667,-0.021144,0.002327
widely,-0.001955,0.008612,0.012881,-0.014386,0.019701
work,-0.002678,0.015063,0.027107,-0.008258,0.010633
world,-0.051887,0.008592,-0.015050,0.107671,-0.021249
world model,-0.022084,0.011035,-0.026383,0.046374,-0.019527
