Rank,Word,Total Importance Score,PC1 Loading,PC2 Loading,PC3 Loading,PC4 Loading,PC5 Loading
1,inference,0.848279,-0.179717,0.267242,0.159578,-0.098624,0.143118
2,active inference,0.842001,-0.205461,0.287637,0.143426,-0.046133,0.159343
3,active,0.835608,-0.209525,0.267941,0.139658,-0.079485,0.138999
4,energy,0.712198,0.302896,0.216949,-0.050860,0.096293,-0.045200
5,free,0.705611,0.289825,0.219679,-0.053823,0.098868,-0.043416
6,free energy,0.698876,0.298231,0.215640,-0.045939,0.099508,-0.039558
7,ai,0.635564,-0.035824,-0.089307,-0.032468,0.091358,0.386608
8,agents,0.598059,-0.091838,0.152497,-0.175439,0.027864,0.150421
9,deep,0.525979,-0.069528,0.099952,0.160866,0.049359,-0.146274
10,agent,0.521284,-0.102007,0.134456,-0.149804,0.101819,0.033198
11,control,0.497539,-0.073451,0.104243,0.285254,-0.018785,-0.015806
12,navigation,0.496834,-0.073446,0.003879,-0.189678,0.155511,-0.074320
13,data,0.476854,-0.047480,-0.153242,0.016828,-0.123439,-0.135866
14,learning,0.476074,-0.089808,0.054154,0.050362,0.172812,-0.108939
15,fep,0.455952,0.263090,0.034055,-0.000058,0.157830,0.000919
16,human,0.454116,-0.053884,-0.130495,0.036238,0.125855,0.107643
17,exploration,0.439086,-0.060951,0.060609,-0.174015,0.090182,-0.053329
18,cognitive,0.436818,-0.028929,-0.097406,0.023279,0.143350,0.143855
19,principle,0.425790,0.259114,0.057766,-0.010182,0.089861,0.008867
20,energy principle,0.404128,0.249008,0.056710,-0.015959,0.080152,-0.002299
21,brain,0.392772,0.077513,-0.018409,0.151247,0.130092,0.015511
22,activity,0.392141,-0.003929,-0.151137,-0.012067,-0.122583,-0.102423
23,systems,0.385536,0.112691,-0.025468,0.001234,-0.048305,0.197839
24,bayesian,0.367144,0.087142,0.047478,0.047933,-0.148147,0.036444
25,aif,0.361870,-0.065985,0.056108,-0.145305,0.084006,0.010467
26,robot,0.350788,-0.040941,-0.040307,0.073676,0.109017,-0.086847
27,model,0.345221,-0.059435,-0.006345,-0.001100,0.181460,-0.096881
28,deep active,0.334603,-0.050486,0.085238,0.084825,0.036395,-0.077660
29,environments,0.328840,-0.070377,0.039722,-0.134278,0.077345,0.007118
30,action,0.328298,-0.033068,0.058792,0.115009,0.088832,-0.032597
31,self,0.325617,0.063416,-0.032037,-0.023737,0.132620,0.073808
32,predictive,0.320239,0.003209,-0.043551,0.096243,0.134438,0.042798
33,perception,0.319802,-0.008256,0.029817,0.169742,0.104479,0.007508
34,neural,0.318763,0.038846,-0.013965,0.096273,0.099860,-0.069818
35,goal,0.312757,-0.055855,0.036226,-0.071714,0.086355,-0.062607
36,information,0.307726,0.054549,-0.069965,-0.074135,-0.066211,-0.042866
37,intelligence,0.304238,-0.007312,-0.050957,-0.020107,0.045073,0.180790
38,motor,0.294926,-0.030027,-0.010356,0.083001,0.129135,-0.042407
39,state,0.294668,-0.009173,0.087572,0.088254,0.006697,-0.102973
40,decision,0.292955,-0.044878,0.062440,-0.100048,-0.033084,0.052506
41,planning,0.286387,-0.084833,0.097623,-0.064806,0.004000,-0.035125
42,cognition,0.281388,0.015242,-0.063578,0.035777,0.053270,0.113521
43,expected,0.280363,-0.000127,0.161409,-0.076897,-0.022204,-0.019727
44,theory,0.266231,0.066786,0.020787,0.097268,0.004129,0.077261
45,robotics,0.259540,-0.021518,-0.028572,0.074829,0.078097,0.056524
46,embodied,0.252549,0.002235,-0.048478,0.033475,0.069657,0.098704
47,environment,0.252107,-0.036202,0.019472,-0.047455,0.108017,-0.040961
48,states,0.251574,0.069978,0.049585,0.011011,-0.087644,0.033355
49,reward,0.251159,-0.051005,0.084416,-0.090833,-0.012995,0.011911
50,directed,0.250377,-0.035376,0.028190,-0.046257,0.083745,-0.056809
51,markov,0.247429,0.064897,0.029017,-0.030675,-0.098082,0.024759
52,sensory,0.245738,0.004545,0.006292,0.082616,0.081706,-0.070579
53,mechanics,0.242564,0.104330,-0.003634,0.012088,-0.101775,0.020737
54,decision making,0.242091,-0.039295,0.043024,-0.087889,0.010970,0.060913
55,goal directed,0.241236,-0.032906,0.024574,-0.040119,0.083980,-0.059656
56,predictive coding,0.238063,0.015346,-0.036603,0.068273,0.100813,0.017029
57,coding,0.237945,0.016562,-0.038978,0.067909,0.100540,0.013955
58,network,0.235474,-0.002979,-0.050576,0.032808,0.075336,-0.073775
59,behavior,0.235129,-0.048567,0.006354,-0.071701,0.095645,0.012861
60,efe,0.234600,0.001315,0.118654,-0.086433,-0.022236,-0.005963
61,variational,0.231400,0.074772,0.106202,0.024700,-0.001469,-0.024257
62,user,0.229814,-0.035259,-0.061466,-0.049823,-0.051823,-0.031443
63,task,0.228153,-0.047165,-0.012406,-0.055719,0.027754,-0.085109
64,making,0.225552,-0.032205,0.041760,-0.086927,0.010706,0.053954
65,models,0.224904,-0.035050,-0.052903,0.077606,0.034236,0.025108
66,interaction,0.223923,-0.016107,-0.041820,0.027932,0.088696,0.049368
67,curiosity,0.220232,-0.018827,-0.019478,-0.110406,0.054339,-0.017182
68,expected free,0.216001,-0.004831,0.134804,-0.047815,-0.007171,-0.021380
69,problem,0.211725,-0.027858,0.036853,0.020259,-0.082449,-0.044305
70,rl,0.207919,-0.041627,0.110809,-0.049046,0.005024,-0.001413
71,framework,0.206821,-0.039342,0.020497,-0.026314,0.038958,0.081710
72,estimation,0.206548,0.012959,0.019690,0.107535,-0.008493,-0.057870
73,world,0.204815,-0.051862,0.008498,-0.014147,0.108861,-0.021447
74,training,0.204014,-0.041662,-0.056052,-0.032919,0.025810,-0.047570
75,body,0.203206,-0.006167,-0.017752,0.086542,0.076975,-0.015770
76,policy,0.200241,-0.043179,0.055142,-0.012872,-0.006564,-0.082484
77,visual,0.199453,-0.014415,-0.011309,0.054257,0.060433,-0.059039
78,actions,0.198953,-0.047874,0.058474,-0.023684,0.063572,-0.005349
79,beliefs,0.197130,0.016328,0.037121,-0.051367,-0.072069,0.020245
80,algorithm,0.195936,-0.019500,0.021316,0.037134,-0.025988,-0.091999
81,bayesian mechanics,0.194367,0.079968,-0.003502,0.008553,-0.082431,0.019913
82,inference agents,0.192962,-0.026678,0.071561,-0.027044,-0.028880,0.038799
83,reinforcement learning,0.188469,-0.051775,0.068766,-0.019781,0.019844,-0.028303
84,generative,0.186277,-0.032582,0.039429,0.067526,0.029552,0.017188
85,consciousness,0.186072,0.004553,-0.025285,0.040796,-0.005783,0.109653
86,reinforcement,0.183289,-0.051297,0.067111,-0.021670,0.021439,-0.021772
87,perception action,0.182943,-0.011429,0.025460,0.088288,0.054770,0.002995
88,multi,0.182080,-0.047064,0.007035,-0.107179,0.008478,0.012324
89,tasks,0.179919,-0.047882,0.011617,-0.039821,0.026990,-0.053609
90,artificial,0.177371,-0.008837,-0.005984,0.001512,0.035505,0.125533
91,deep learning,0.176924,-0.021904,0.032619,0.057273,0.032661,-0.032467
92,neuroscience,0.176429,0.006662,0.036185,0.064155,0.029598,0.039828
93,discrete,0.175857,-0.029051,0.070962,0.042532,-0.030815,0.002497
94,behaviour,0.173417,-0.022769,0.042227,-0.049231,0.018430,0.040760
95,collective,0.172709,-0.010571,-0.012072,-0.054633,-0.007292,0.088142
96,sensorimotor,0.172494,-0.003852,-0.006641,0.063442,0.066510,-0.032049
97,artificial intelligence,0.170986,-0.002656,-0.024496,0.008558,0.028667,0.106608
98,networks,0.170245,0.006384,-0.036873,0.050288,0.068054,0.008647
99,based,0.169004,-0.055591,0.010121,0.019444,0.030733,-0.053116
100,space,0.168470,-0.007325,0.023798,0.017401,-0.028030,-0.091915
101,mathematical,0.167588,0.025002,0.034500,0.059082,-0.007412,0.041593
102,biological,0.165584,0.001034,0.029272,0.035960,0.028915,0.070403
103,multi agent,0.163524,-0.022538,0.005010,-0.082948,0.008026,0.045003
104,minimization,0.163388,0.032837,0.060048,-0.038211,0.014468,-0.017823
105,terms,0.163004,0.031036,0.031626,0.033903,-0.030383,0.036054
106,object,0.162646,-0.014711,-0.004401,0.019395,0.009888,-0.114250
107,generative models,0.162589,-0.017995,0.024605,0.067510,-0.003199,0.049279
108,blanket,0.161595,0.064015,0.016225,-0.012996,-0.049880,0.018479
109,statistical,0.160433,0.042243,-0.012191,0.016474,-0.076966,0.012559
110,search,0.160333,-0.021720,0.021962,-0.036982,-0.037026,-0.042643
111,recognition,0.160301,0.002732,-0.036661,0.036680,0.049085,-0.035144
112,processing,0.159934,0.002671,-0.043910,0.051374,0.038898,0.023081
113,value,0.159667,0.008763,0.048259,-0.044371,-0.039948,-0.018326
114,social,0.159492,-0.007331,-0.064459,-0.013671,0.009853,0.064178
115,prediction,0.159214,0.005596,-0.016579,0.053896,0.076336,-0.006806
116,dynamical,0.158513,0.038380,-0.016843,0.026144,-0.055200,0.021946
117,quantum,0.158211,0.086799,-0.030943,0.010488,-0.006334,0.023647
118,computational,0.155726,-0.033671,0.005903,0.008859,0.051300,0.055992
119,optimal,0.154970,-0.014730,0.044581,0.026316,-0.058545,-0.010798
120,entropy,0.154340,0.047661,0.018839,-0.031390,-0.041495,-0.014955
121,inspired,0.153279,-0.027497,-0.010614,-0.013212,0.088041,-0.013915
122,predictive processing,0.152555,0.003175,-0.018860,0.057389,0.039910,0.033220
123,autonomous,0.152545,-0.025740,-0.004888,-0.045568,0.072925,0.003424
124,observations,0.152399,-0.006814,0.050794,-0.044632,0.009281,-0.040878
125,input,0.151081,0.004086,-0.015982,0.057833,0.026941,-0.046239
126,variational free,0.150932,0.052859,0.059907,-0.001797,0.008744,-0.027625
127,epistemic,0.149840,0.005975,0.062764,-0.076018,0.001992,-0.003092
128,processes,0.149685,-0.009845,-0.022794,0.034595,-0.067479,0.014972
129,map,0.148912,-0.014677,-0.008938,-0.072940,0.030575,-0.021782
130,formulation,0.147558,0.038455,0.043719,0.037534,-0.009384,0.018466
131,robots,0.147255,-0.022158,-0.036756,0.020274,0.054426,-0.013641
132,memory,0.144813,-0.006686,-0.041909,-0.033552,0.044435,0.018231
133,stochastic,0.144513,0.005678,0.021055,0.024882,-0.056653,-0.036245
134,large,0.144163,-0.029161,-0.047836,-0.014242,-0.033932,-0.018992
135,particular,0.143417,0.062377,0.020870,0.021337,-0.034074,-0.004760
136,dynamical systems,0.143399,0.033370,-0.006852,0.018292,-0.051585,0.033299
137,research,0.142062,-0.000448,-0.031161,0.003277,0.020244,0.086932
138,architecture,0.141381,-0.015538,-0.020177,0.028419,0.051691,0.025555
139,ai systems,0.140193,-0.007501,-0.019344,-0.016591,0.013087,0.083670
140,cost,0.138671,-0.011616,0.028642,0.028715,-0.049310,-0.020388
141,maps,0.137294,-0.020899,-0.017528,-0.031581,0.041838,-0.025448
142,mind,0.135818,0.011091,-0.023285,0.022506,0.030909,0.048026
143,learn,0.134740,-0.022087,0.006885,-0.012659,0.053871,-0.039238
144,markov blanket,0.134729,0.056604,0.015730,-0.015899,-0.032185,0.014312
145,hierarchical,0.133396,-0.013885,-0.036259,-0.005517,0.068059,-0.009676
146,llm,0.133258,-0.016671,-0.041246,-0.036786,-0.035567,-0.002988
147,physics,0.132572,0.076768,-0.000355,-0.014080,-0.035543,0.005826
148,rewards,0.131071,-0.019325,0.037526,-0.050297,0.014853,-0.009070
149,machine,0.130149,0.012421,-0.013727,0.039707,0.040974,-0.023320
150,neural network,0.129494,0.001883,-0.013055,0.019342,0.044222,-0.050991
151,linear,0.129419,0.032622,0.015342,0.033807,-0.031743,-0.015906
152,principle fep,0.129161,0.066166,0.014016,-0.003662,0.042639,-0.002677
153,llms,0.128032,-0.016226,-0.036342,-0.020589,-0.027303,0.027572
154,human robot,0.127509,-0.007676,-0.038162,0.025361,0.039630,0.016680
155,number,0.127215,-0.008378,-0.024296,0.011138,-0.054862,-0.028539
156,distribution,0.126944,-0.012319,0.010602,-0.037880,0.011735,-0.054409
157,bayesian inference,0.126822,0.028242,0.026260,0.034141,-0.023405,0.014772
158,mobile,0.126289,-0.018804,-0.050000,-0.008798,-0.017082,-0.031605
159,generative model,0.125571,-0.017713,0.032765,0.018092,0.036493,-0.020507
160,world model,0.125375,-0.022074,0.010982,-0.026526,0.046343,-0.019450
161,belief,0.125346,0.005862,0.008653,-0.032999,-0.035011,0.042822
162,devices,0.124750,-0.025205,-0.038267,-0.016872,-0.042467,0.001941
163,activity inference,0.123978,-0.005914,-0.041906,-0.002624,-0.035720,-0.037814
164,future,0.123864,-0.010979,0.035811,-0.028216,0.029968,0.018890
165,energy minimization,0.123390,0.021410,0.038669,-0.029679,0.018041,-0.015590
166,theories,0.123357,0.013058,-0.029030,0.022332,-0.000728,0.058209
167,spatial,0.123153,-0.013528,-0.024535,-0.047805,0.015460,-0.021825
168,computing,0.122367,-0.013414,-0.024644,-0.029070,-0.020310,0.034929
169,real,0.122073,-0.039542,-0.008733,-0.006957,0.038794,-0.028048
170,agi,0.121832,0.002353,-0.029408,-0.025708,-0.009188,0.055175
171,exploitation,0.121394,-0.013655,0.053780,-0.036945,-0.005321,0.011694
172,et,0.121266,0.021888,0.021650,-0.016767,-0.043682,-0.017280
173,et al,0.121266,0.021888,0.021650,-0.016767,-0.043682,-0.017280
174,al,0.121266,0.021888,0.021650,-0.016767,-0.043682,-0.017280
175,robotic,0.121083,-0.035094,0.019792,0.009563,0.017785,-0.038849
176,classification,0.120353,0.001052,-0.031822,0.008307,-0.032151,-0.047020
177,information gain,0.120339,0.006073,0.027573,-0.044123,-0.026697,-0.015873
178,dynamics,0.119912,0.041987,0.020546,0.038909,0.008301,-0.010168
179,latent,0.119902,-0.016339,-0.006746,0.015726,0.023092,-0.058000
180,preferences,0.119324,-0.026649,0.006938,-0.055338,-0.026933,0.003466
181,problems,0.118960,-0.004144,0.029586,0.025959,-0.056309,0.002962
182,prior,0.118832,-0.019144,0.020083,-0.036417,0.008064,-0.035123
183,particles,0.118568,0.029828,-0.014008,-0.012336,-0.047146,0.015250
184,safety,0.118052,-0.011583,-0.013749,-0.044341,0.005774,0.042604
185,dataset,0.117084,-0.008900,-0.034079,0.004348,-0.027897,-0.041859
186,real world,0.116520,-0.030060,0.007872,-0.018114,0.031193,-0.029280
187,language,0.116246,0.003139,-0.038016,-0.035191,-0.008758,0.031143
188,method,0.116174,-0.031437,-0.003691,-0.021581,-0.025285,-0.034181
189,developmental,0.116090,-0.003736,-0.033733,0.010568,0.039260,0.028794
190,synaptic,0.115983,0.029557,-0.014211,0.013930,0.036006,-0.022279
191,message,0.115859,-0.003071,0.052154,-0.044029,-0.011241,-0.005364
192,communication,0.115748,-0.008695,-0.031087,-0.021099,-0.023693,0.031174
193,time,0.115649,-0.024536,-0.000466,0.005242,-0.075603,-0.009801
194,efficient,0.115454,-0.028123,-0.002851,-0.055134,0.014354,-0.014993
195,random,0.115453,0.022411,-0.020859,0.000718,-0.044133,-0.027334
196,adaptive,0.115031,-0.027767,-0.023558,-0.001550,-0.023096,0.039060
197,like,0.114873,-0.011815,-0.024451,0.022294,0.032322,0.023991
198,controller,0.114644,-0.022526,0.019616,0.049444,0.002182,-0.020876
199,semantic,0.114183,0.018542,-0.029806,-0.000995,-0.038907,-0.025933
200,high,0.113938,-0.029589,-0.007392,0.023019,0.014239,-0.039700
201,preference,0.113855,-0.019954,0.035515,-0.045599,-0.009785,-0.003003
202,gain,0.113721,0.003931,0.023417,-0.042337,-0.029895,-0.014141
203,error,0.113242,0.006792,-0.016857,0.054648,0.032794,0.002152
204,blankets,0.112922,0.047674,0.001529,-0.020564,-0.031497,0.011658
205,living,0.112901,0.023407,0.005653,0.030377,0.013988,0.039478
206,tree,0.112836,-0.011669,0.036738,-0.027659,-0.035244,-0.001526
207,reasoning,0.112667,-0.012809,-0.026872,-0.041789,0.018828,0.012369
208,inferred,0.112481,-0.011345,-0.034628,-0.000650,-0.032111,-0.033747
209,imaging,0.112199,-0.006395,-0.026252,0.012250,-0.035830,-0.031472
210,knowledge,0.112117,-0.019570,-0.066485,-0.009964,0.002150,-0.013948
211,formal,0.112094,0.024860,-0.006120,0.004684,-0.034192,0.042240
212,universal,0.111641,0.010840,-0.012153,-0.020676,0.020841,0.047130
213,performance,0.111609,-0.051238,0.008374,-0.005668,0.005986,-0.040343
214,representation,0.111492,-0.009871,-0.005137,0.059236,0.016351,-0.020896
215,physical,0.111398,0.045904,-0.015691,-0.035212,0.000914,0.013676
216,discuss,0.111156,0.016170,-0.009451,0.018396,-0.005617,0.061523
217,arm,0.109501,-0.017226,0.004425,0.044489,0.019818,-0.023543
218,attacks,0.109369,-0.011809,-0.030040,0.008628,-0.023492,-0.035399
219,state space,0.109165,0.003339,0.030513,0.031860,0.003281,-0.040172
220,horizon,0.109134,-0.028623,0.045420,0.009496,-0.022285,0.003310
221,prediction error,0.108499,0.006383,-0.007368,0.040887,0.042894,0.010967
222,complex,0.108230,-0.025177,0.010765,-0.027646,0.027272,0.017370
223,unifying,0.108003,0.012629,0.021751,0.026362,0.017842,0.029419
224,inference active,0.107870,-0.021637,0.042595,0.011797,-0.014794,0.017047
225,challenges,0.107823,-0.021406,-0.005428,0.019872,0.020993,0.040125
226,neural networks,0.107741,0.010913,-0.007060,0.029054,0.043852,-0.016863
227,simulated,0.107690,-0.021446,0.011257,-0.012909,0.038810,-0.023268
228,users,0.107078,-0.018475,-0.035980,-0.039487,-0.004725,-0.008411
229,equations,0.107036,0.043750,0.023341,-0.009115,-0.023100,0.007731
230,ability,0.106735,-0.019042,-0.018424,-0.029777,0.025169,0.014323
231,dynamic,0.106720,-0.023551,-0.006716,-0.042670,0.030520,0.003263
232,objective,0.106700,-0.013197,0.040530,-0.021607,-0.017014,-0.014352
233,generalization,0.105865,-0.016345,-0.024194,0.005643,0.022386,-0.037297
234,goals,0.105792,-0.027697,0.022191,-0.026036,0.021135,-0.008733
235,accuracy,0.105699,-0.005908,-0.033362,0.004303,-0.024258,-0.037868
236,behaviors,0.105676,-0.017633,0.013726,-0.041697,0.029057,-0.003565
237,science,0.105389,0.006075,-0.017228,0.022438,0.020062,0.039586
238,parameters,0.105312,-0.002806,-0.003922,0.033484,-0.029461,-0.035639
239,activities,0.105189,-0.007629,-0.040029,0.003710,-0.012714,-0.041107
240,representations,0.104640,-0.000930,0.007920,0.049006,0.023562,-0.023222
241,machine learning,0.104382,0.009766,-0.014412,0.023879,0.021599,-0.034727
242,analysis,0.104205,0.003728,-0.031931,-0.004304,-0.048705,-0.015536
243,ideas,0.104142,0.017053,0.003231,0.031688,0.014319,0.037851
244,action perception,0.103871,-0.004413,0.004636,0.059023,0.012118,0.023680
245,end,0.103869,-0.018735,0.011190,0.013685,0.012209,-0.048050
246,environmental,0.103701,-0.023543,0.016520,-0.033573,0.028607,-0.001458
247,quality,0.103580,-0.010958,-0.040713,-0.004737,-0.031419,-0.015752
248,demonstrate,0.103478,-0.038860,0.021259,-0.025763,-0.007320,-0.010275
249,strategy,0.103238,-0.015627,-0.017993,-0.005901,-0.056611,-0.007107
250,manipulation,0.103044,-0.025968,0.012857,-0.013169,0.022507,-0.028543
251,sensing,0.103025,-0.013906,-0.016427,0.010522,-0.045037,-0.017132
252,approach,0.102724,-0.042750,0.018220,-0.011246,0.000020,-0.030489
253,balance,0.102179,-0.015900,0.028610,-0.049448,0.005968,-0.002253
254,noise,0.102051,0.010455,-0.010058,0.034516,-0.012271,-0.034751
255,message passing,0.101855,-0.001845,0.049758,-0.036591,-0.010490,-0.003170
256,passing,0.101855,-0.001845,0.049758,-0.036591,-0.010490,-0.003170
257,scheme,0.101329,-0.009696,0.025341,0.027752,-0.019551,-0.018990
258,adaptation,0.101315,-0.023943,0.004129,0.037699,0.027908,0.007635
259,design,0.101139,-0.018188,0.006959,-0.016758,-0.035416,0.023818
260,process,0.101093,0.005079,-0.011121,0.046850,-0.028076,-0.009966
261,external,0.100961,0.026964,0.003363,-0.002958,-0.049352,0.018324
262,account,0.100956,0.032255,0.019976,0.021750,-0.004974,0.022001
263,curiosity driven,0.100706,-0.010804,-0.012763,-0.040187,0.033260,-0.003691
264,home,0.100624,-0.010583,-0.026119,-0.019826,-0.013954,-0.030142
265,state estimation,0.099705,-0.001539,0.020566,0.051931,0.008824,-0.016845
266,state spaces,0.099445,-0.008959,0.044339,0.037200,-0.005061,-0.003887
267,strategies,0.099270,-0.021324,-0.003355,-0.045363,0.010368,0.018860
268,gaussian,0.099214,0.009154,-0.005464,0.012668,-0.044191,-0.027738
269,compositional,0.098904,0.008364,-0.005876,0.012290,-0.044318,0.028056
270,dimensional,0.098848,-0.013820,0.013048,0.021628,0.013048,-0.037305
271,development,0.098808,0.002632,-0.035688,0.000343,0.026901,0.033245
272,compared,0.098321,-0.026911,0.012767,-0.013704,-0.012568,-0.032371
273,language models,0.097952,-0.012751,-0.035090,-0.022267,-0.013656,0.014188
274,architectures,0.097720,0.005051,-0.013285,0.013859,0.027249,0.038277
275,interactions,0.097690,-0.010277,-0.026164,-0.018057,0.020167,0.023026
276,description,0.097538,0.036472,0.000987,0.004118,-0.031194,0.024768
277,markov blankets,0.097233,0.033428,-0.000637,-0.016928,-0.032524,0.013715
278,continuous,0.097194,-0.019085,0.044973,0.011029,0.001215,-0.020892
279,approximate,0.097129,0.009522,0.017501,0.031515,-0.028216,0.010376
280,novel,0.097124,-0.038119,0.003502,-0.023248,0.013688,-0.018567
281,pomdps,0.097006,-0.010727,0.015641,-0.014702,-0.045523,0.010412
282,theoretical,0.096974,0.016281,0.020489,0.017926,0.005013,0.037265
283,embodiment,0.096518,0.003367,-0.024853,0.005777,0.022049,0.040471
284,different,0.096352,-0.012976,-0.002298,0.036654,-0.019006,-0.025418
285,target,0.096339,0.013717,0.002993,-0.016952,0.006644,-0.056034
286,open,0.096269,-0.008131,-0.024401,0.015016,-0.036177,0.012544
287,gradient,0.095997,0.027203,0.011167,0.021179,0.007582,-0.028867
288,agency,0.095548,-0.011483,0.008714,-0.002547,-0.007455,0.065348
289,recent,0.095253,-0.015026,0.028766,0.018053,0.013564,0.019845
290,local,0.095014,0.026982,-0.012011,-0.021741,0.006826,-0.027455
291,utility,0.094868,0.009685,0.043529,-0.016838,-0.022952,-0.001865
292,point,0.093962,0.010495,-0.007290,0.017621,-0.032174,-0.026382
293,discrete state,0.093940,-0.008940,0.041148,0.025781,-0.012124,0.005946
294,attention,0.093933,0.006693,-0.027367,0.015845,0.021087,-0.022940
295,intelligent,0.093924,-0.013681,-0.002936,-0.027698,0.014264,0.035346
296,precision,0.093924,-0.007288,-0.019123,0.026594,-0.017405,-0.023514
297,car,0.093734,-0.018516,0.020703,0.022790,0.010932,-0.020794
298,using,0.093689,-0.012726,0.007876,0.000019,-0.013952,-0.059116
299,individual,0.093517,-0.012218,-0.017652,-0.024497,-0.001832,0.037319
300,understanding,0.093276,-0.012275,-0.021174,0.006133,0.026894,0.026801
301,exploration exploitation,0.093155,-0.011166,0.038336,-0.028786,0.000587,0.014278
302,inputs,0.093071,-0.001733,-0.001483,0.034854,0.030772,-0.024229
303,capabilities,0.092988,-0.010470,-0.012834,-0.014215,0.027353,0.028116
304,inference framework,0.092838,-0.024766,0.019606,0.003103,0.030703,0.014660
305,uses,0.092827,-0.010996,-0.017571,-0.010506,-0.012130,-0.041624
306,privacy,0.092780,-0.008593,-0.026845,-0.003313,-0.027671,-0.026358
307,learned,0.092657,-0.018220,0.002424,0.020657,0.021859,-0.029497
308,things,0.092628,0.034190,-0.017073,-0.005068,-0.031782,-0.004514
309,learns,0.092619,-0.013296,0.002385,0.013231,0.038899,-0.024808
310,edge,0.092528,-0.024726,-0.019778,-0.013183,-0.026338,0.008504
311,friston,0.092387,0.015163,0.005639,0.012605,-0.032533,0.026448
312,tree search,0.092327,-0.015014,0.031168,-0.012923,-0.033042,-0.000180
313,review,0.092153,0.005648,-0.011689,0.028712,0.008341,0.037764
314,mechanisms,0.092075,-0.006139,-0.020467,-0.005774,0.034448,0.025248
315,adaptability,0.091876,-0.028208,0.013171,-0.006631,0.033488,-0.010379
316,constraints,0.091711,0.023278,-0.017534,-0.015507,-0.024461,0.010930
317,inference agent,0.091673,-0.026305,0.049290,0.000268,0.010632,-0.005178
318,class,0.091400,0.009509,0.006161,-0.003330,-0.044071,-0.028328
319,humans,0.091364,-0.014634,-0.014076,0.005386,0.052350,0.004919
320,structure,0.090463,0.006210,-0.012846,-0.028726,0.027097,-0.015585
321,current,0.090198,-0.007523,0.006621,0.038443,0.026034,-0.011578
322,provide,0.090073,0.011193,-0.014395,0.041474,-0.006112,0.016898
323,large language,0.089473,-0.013049,-0.031727,-0.019504,-0.009224,0.015968
324,alignment,0.089253,-0.003964,-0.013162,-0.026687,0.007274,0.038166
325,results,0.089084,-0.028169,0.014412,0.007478,0.006650,-0.032375
326,long,0.088928,-0.018666,-0.006762,-0.038134,0.016500,-0.008865
327,grid,0.088617,-0.019580,0.008519,-0.030112,0.012997,-0.017410
328,regulation,0.088399,-0.002996,-0.010438,0.011056,0.033253,0.030656
329,crucial,0.088349,-0.007915,-0.021385,-0.023901,0.034321,-0.000828
330,human brain,0.088278,0.004180,-0.026339,0.014484,0.027801,0.015474
331,coupling,0.087926,0.036281,-0.005272,-0.014214,-0.021405,0.010753
332,role,0.087877,-0.002944,-0.021512,-0.007214,0.028999,0.027208
333,observation,0.087639,-0.015490,0.013377,-0.026200,-0.011948,-0.020625
334,collaboration,0.087448,-0.008117,-0.024624,0.011588,0.007141,0.035977
335,supervised,0.087446,-0.006540,-0.009565,0.003843,0.035128,-0.032369
336,risk,0.087342,-0.002582,-0.003575,-0.048510,0.011452,0.021223
337,motion,0.087171,-0.012592,-0.003435,-0.029891,0.026676,-0.014577
338,detection,0.086970,-0.003420,-0.012201,0.007174,-0.036773,-0.027402
339,topological,0.086635,0.002911,-0.009068,-0.031513,0.037183,-0.005960
340,objects,0.086438,-0.006345,-0.007382,0.001848,-0.013413,-0.057451
341,selection,0.086128,-0.021176,0.030275,0.006669,-0.023169,-0.004838
342,algorithms,0.085991,-0.010227,0.003983,0.010767,-0.050500,-0.010514
343,spaces,0.085877,-0.017729,0.033206,0.023433,0.002549,-0.008960
344,proposed,0.085690,-0.011234,-0.005424,-0.000567,0.026953,-0.041512
345,minimizing,0.085636,0.004240,0.049046,-0.003543,0.018461,-0.010346
346,study,0.085578,-0.006917,-0.024606,0.015204,0.028809,0.010043
347,settings,0.085164,-0.010065,0.021897,-0.029310,0.010443,-0.013449
348,markov decision,0.085073,-0.013890,0.020206,-0.010363,-0.040193,-0.000420
349,resource,0.085022,-0.015265,-0.002895,-0.037992,-0.017516,0.011353
350,sparse,0.085022,-0.011347,0.006379,-0.036887,0.003824,-0.026584
351,partially,0.084381,-0.016807,0.033812,-0.005386,-0.019637,-0.008740
352,labels,0.084324,-0.007275,-0.019520,0.002482,-0.017678,-0.037370
353,structures,0.084275,-0.002738,-0.021861,-0.019190,0.025929,0.014558
354,effective,0.084193,-0.014253,-0.019228,-0.024311,0.011948,-0.014452
355,descent,0.083511,0.017514,0.009503,0.028655,0.011266,-0.016574
356,sciences,0.083427,0.009236,0.003575,0.036704,0.011226,0.022685
357,based free,0.083399,0.011999,-0.006331,-0.007242,0.043632,-0.014195
358,datasets,0.083376,-0.008756,-0.027908,-0.004156,-0.019048,-0.023507
359,trajectory,0.083353,-0.006755,-0.019550,0.013866,-0.027618,-0.015564
360,minimize,0.083055,0.003563,0.022501,0.018663,0.028809,-0.009520
361,principles,0.082954,0.029415,0.003622,-0.001495,0.014135,0.034287
362,inference aif,0.082739,-0.017043,0.017556,-0.021997,0.021805,-0.004338
363,cognitive science,0.082708,0.001980,-0.008444,0.023027,0.020950,0.028307
364,high dimensional,0.082604,-0.014265,0.008380,0.027150,0.006706,-0.026103
365,infer,0.082424,-0.019330,-0.017660,-0.006130,-0.010975,-0.028329
366,graph,0.082066,-0.014571,0.009450,-0.035628,0.014685,-0.007732
367,interpretation,0.082061,0.034541,0.013330,0.000589,-0.033116,0.000485
368,context,0.082037,-0.002487,-0.029940,-0.026821,0.014566,0.008223
369,hierarchical active,0.081991,-0.019253,-0.011542,-0.020687,0.029367,-0.001142
370,transition,0.081949,-0.023059,0.027857,0.008052,0.000412,-0.022567
371,general,0.081898,0.024145,0.002682,-0.000954,-0.022324,0.031793
372,propose,0.081782,-0.026532,-0.021953,-0.003020,0.025800,-0.004476
373,predictions,0.081754,-0.002113,-0.010448,0.036147,0.026516,0.006529
374,learning active,0.081618,-0.024387,0.030088,-0.001864,0.023466,-0.001814
375,unknown,0.081453,-0.007450,-0.028134,-0.000475,-0.021663,-0.023732
376,emergence,0.081431,0.010965,-0.014480,-0.006718,0.028659,0.020609
377,low,0.081365,-0.020731,-0.010488,0.006224,-0.009481,-0.034441
378,intrinsic,0.081256,-0.008675,0.011595,-0.039239,0.007748,0.013998
379,iot,0.080804,-0.007497,-0.026064,-0.005263,-0.030075,-0.011905
380,suggest,0.080567,0.004090,-0.017554,0.017556,0.014587,0.026780
381,driven,0.080453,-0.012643,-0.010400,-0.031861,0.019583,-0.005967
382,loop,0.080416,-0.010139,-0.006912,0.034994,0.003025,0.025346
383,article,0.080380,0.044008,-0.001687,0.009548,0.014935,0.010201
384,traditional,0.080019,-0.026030,-0.003327,-0.007468,0.018533,0.024661
385,optimization,0.079980,-0.014816,-0.003136,0.020321,-0.016067,-0.025640
386,internal states,0.079885,0.028565,0.008091,-0.001135,-0.030591,0.011503
387,driving,0.079729,-0.017054,0.003730,-0.004610,0.038111,0.016224
388,game,0.079466,-0.004834,0.005856,-0.028846,-0.027956,0.011975
389,sources,0.079417,-0.001579,-0.022822,0.005959,-0.031020,-0.018037
390,rate,0.079410,-0.011601,-0.022863,0.002254,-0.030054,-0.012638
391,biologically,0.079375,-0.010869,0.009473,-0.006526,0.045504,0.007003
392,experiments,0.079309,-0.022512,-0.004554,0.009150,0.021414,-0.021679
393,classical,0.079195,0.022616,0.007007,0.024366,-0.023454,0.001753
394,probabilistic,0.079005,-0.028470,0.015006,0.005790,-0.027827,0.001913
395,field,0.078657,0.011795,-0.017237,0.005171,-0.032688,0.011765
396,aspects,0.078622,-0.007165,0.008380,0.029738,0.001227,0.032111
397,uav,0.078481,-0.024468,-0.009063,-0.003304,-0.025014,-0.016632
398,generalized,0.078285,0.022357,-0.000486,-0.000875,-0.034641,-0.019927
399,sophisticated,0.078248,-0.015376,0.022126,-0.016439,-0.014844,0.009463
400,inference model,0.078204,-0.013148,0.006723,-0.010174,0.029109,-0.019050
401,paper,0.078156,0.005541,0.038042,0.002298,-0.006489,0.025786
402,observable,0.077801,-0.012838,0.031724,-0.010633,-0.005844,-0.016760
403,explore,0.077552,-0.011133,-0.001519,-0.030532,0.024991,0.009376
404,technical,0.077283,0.037881,0.018873,0.007204,-0.010489,0.002836
405,findings,0.077203,-0.012739,-0.019196,-0.003191,0.016980,0.025098
406,total,0.077173,-0.004781,-0.009763,-0.001110,-0.036976,-0.024543
407,external states,0.077170,0.025606,0.000504,0.001533,-0.035926,0.013601
408,online,0.077143,-0.026142,-0.002172,0.008669,-0.003108,-0.037051
409,sampling,0.077060,-0.014673,-0.005882,-0.001067,-0.033571,0.021866
410,methods,0.076897,-0.019182,0.018082,0.008083,-0.009845,-0.021706
411,neuronal,0.076779,0.027154,-0.006568,0.009882,0.007512,0.025663
412,level,0.076349,-0.011306,-0.031902,-0.027051,0.000326,-0.005763
413,multimodal,0.076340,-0.014565,-0.006868,0.026855,0.022842,-0.005210
414,global,0.076336,0.006328,-0.010332,-0.025833,0.006130,0.027714
415,robust,0.076335,-0.022200,0.022092,-0.022364,-0.000964,-0.008715
416,output,0.076315,0.006644,-0.009915,0.019783,0.017045,-0.022928
417,argue,0.076087,0.037294,0.000997,0.003221,0.001332,0.033244
418,kalman,0.076004,0.013422,0.011135,0.039524,-0.001241,-0.010682
419,non,0.075958,0.016926,-0.019517,-0.018225,-0.000469,0.020821
420,shot,0.075782,-0.008883,-0.015911,0.003340,0.020902,-0.026747
421,image,0.075719,-0.009135,-0.016441,0.017898,-0.014480,-0.017764
422,lens,0.075598,0.000238,0.014746,0.019850,-0.020295,0.020468
423,fundamental,0.075541,0.010599,-0.013512,0.002691,0.018137,0.030602
424,organizing,0.075490,0.010908,-0.003995,-0.012822,0.025173,0.022591
425,policies,0.075319,-0.019680,0.012279,0.004766,-0.018473,-0.020121
426,tools,0.075270,0.001186,-0.006238,0.001713,-0.025919,0.040213
427,density,0.075194,0.036244,0.014267,-0.010052,-0.005326,-0.009305
428,categories,0.075091,0.005878,-0.019525,0.008978,-0.035864,0.004844
429,uncertainty,0.074949,-0.005521,0.026320,-0.033681,-0.006252,0.003176
430,maze,0.074947,-0.005126,0.013845,-0.036382,0.012587,-0.007006
431,decisions,0.074837,-0.015289,-0.006319,-0.021054,0.007711,0.024463
432,changes,0.074677,-0.012533,-0.006031,-0.013947,0.032432,-0.009734
433,perspective,0.074425,0.002339,-0.004818,0.033318,0.011347,0.022603
434,experience,0.074370,-0.003862,-0.014355,0.001139,0.025479,0.029535
435,internal,0.074213,0.031395,0.001609,0.018120,-0.010797,0.012291
436,art,0.074188,-0.016570,0.009446,0.012621,-0.007369,-0.028182
437,state art,0.074188,-0.016570,0.009446,0.012621,-0.007369,-0.028182
438,demonstrating,0.074115,-0.012175,0.030723,-0.017962,0.011981,0.001273
439,solution,0.074109,-0.009342,0.015346,0.020674,-0.024274,-0.004473
440,signal,0.073973,0.010181,-0.021857,0.004455,-0.018072,-0.019408
441,service,0.073843,-0.012409,-0.017695,-0.022190,-0.018928,0.002621
442,introduces,0.073783,-0.013040,-0.004098,-0.033276,0.012024,0.011345
443,human like,0.073501,-0.006629,-0.008071,0.014541,0.035400,0.008861
444,example,0.073014,0.004309,-0.027142,-0.002428,-0.029748,-0.009387
445,given,0.073010,-0.004512,0.005652,-0.009668,-0.025243,-0.027935
446,exploratory,0.072767,-0.006193,0.012497,-0.011242,0.023527,-0.019308
447,implementation,0.072716,0.006679,0.001229,0.035418,0.024028,0.005362
448,distributed,0.072655,-0.013069,-0.008200,-0.030825,-0.015551,0.005010
449,heterogeneous,0.072589,-0.011759,-0.018392,-0.017486,-0.022060,0.002892
450,developing,0.072579,-0.011521,-0.006573,-0.002000,0.005658,0.046827
451,points,0.072536,0.014674,-0.012186,-0.001867,-0.028981,-0.014827
452,constraint,0.072432,0.013106,0.000827,-0.008576,-0.030551,-0.019372
453,techniques,0.072166,-0.006365,-0.015086,-0.002587,-0.020360,-0.027768
454,oriented,0.071972,-0.014378,-0.008446,-0.014313,0.019034,-0.015802
455,geometry,0.071939,0.005397,0.004314,0.001919,-0.039269,0.021041
456,centric,0.071825,-0.009008,-0.008838,0.006285,0.006011,-0.041684
457,action selection,0.071678,-0.015950,0.032320,0.013272,-0.005631,0.004506
458,contrast,0.071665,-0.009868,0.024930,0.002578,0.020893,0.013396
459,partial,0.071621,-0.014327,0.004193,-0.024681,-0.007085,-0.021335
460,based active,0.071335,-0.019591,0.015551,0.029165,0.003287,-0.003741
461,rules,0.071316,0.018546,-0.005788,-0.020455,0.016948,-0.009580
462,existing,0.071307,-0.014265,-0.009258,-0.026120,0.021324,0.000341
463,frameworks,0.071201,-0.007803,0.004259,0.027725,0.005872,0.025542
464,gradients,0.071071,0.026466,0.022052,0.004017,-0.006220,-0.012317
465,provides,0.071059,0.004051,0.009722,0.022522,-0.020842,0.013922
466,potential,0.070928,-0.016154,-0.006216,0.021354,0.014249,0.012955
467,insights,0.070800,-0.004855,-0.020036,-0.012901,0.015995,0.017013
468,finite,0.070780,-0.014264,0.013425,0.011407,-0.030409,-0.001275
469,model based,0.070633,-0.023151,0.022855,-0.005756,0.018104,-0.000767
470,alternative,0.070108,-0.017766,0.013406,0.025681,-0.011406,-0.001849
471,inferring,0.069955,-0.014594,-0.010964,-0.014165,0.008294,-0.021938
472,sequential,0.069872,-0.002315,0.004195,-0.009446,-0.037855,-0.016061
473,trajectories,0.069568,0.008780,0.000259,0.011153,0.024889,-0.024487
474,achieving,0.069507,-0.010019,-0.003468,-0.014347,0.024891,-0.016781
475,objectives,0.069473,-0.004558,0.010879,-0.045099,0.004725,-0.004212
476,grounded,0.069340,-0.004836,0.001289,-0.027818,0.022948,0.012449
477,trained,0.068995,-0.002163,-0.017853,0.003009,0.024787,-0.021184
478,foundation,0.068988,0.013734,0.007313,-0.014904,0.002157,0.030880
479,hardware,0.068912,-0.014542,-0.013209,-0.023915,-0.001510,0.015738
480,formulations,0.068803,0.031133,0.028641,-0.006124,-0.000983,-0.001921
481,unified,0.068796,-0.002776,0.020357,0.014507,0.008662,0.022495
482,address,0.068733,-0.021816,0.004628,-0.013612,-0.014555,-0.014121
483,updates,0.068577,-0.009516,0.005005,-0.023673,0.013714,-0.016667
484,divergence,0.068314,0.008048,0.028314,-0.016384,-0.004713,-0.010855
485,extended,0.068280,-0.000312,-0.012479,0.019983,0.011442,0.024065
486,exploring,0.068268,-0.008131,-0.012074,-0.011016,0.007717,0.029330
487,flexible,0.068103,-0.018221,0.006632,-0.011097,0.023223,-0.008929
488,needs,0.068036,-0.008671,-0.022533,-0.020720,-0.007387,-0.008725
489,partially observable,0.067921,-0.009960,0.027649,-0.011357,-0.006428,-0.012527
490,allows,0.067842,0.002087,-0.007811,-0.028945,-0.010031,-0.018968
491,computational neuroscience,0.067748,-0.012396,0.019124,0.027374,0.000259,0.008596
492,biological systems,0.067363,0.021614,0.005341,0.014468,-0.007890,0.018051
493,factor,0.067330,-0.004378,0.018164,-0.024767,-0.009720,-0.010301
494,organisms,0.067300,0.005177,0.003232,0.026978,0.029574,0.002339
495,power,0.067293,0.000669,-0.022723,0.011227,-0.010537,0.022138
496,person,0.067214,0.018408,-0.018470,-0.005156,0.005677,0.019503
497,progress,0.067072,-0.010373,-0.010163,-0.014883,0.007419,0.024233
498,allocation,0.067035,-0.016522,-0.012480,-0.004420,-0.022885,-0.010727
499,questions,0.066899,-0.009745,-0.028231,-0.014509,-0.002012,-0.012401
500,effectiveness,0.066642,-0.021172,-0.007987,-0.021391,-0.001701,-0.014391
501,type,0.066622,-0.006620,-0.020361,-0.015557,-0.022762,-0.001323
502,artificial agents,0.066591,-0.010599,0.032762,0.002421,0.002703,0.018106
503,perform,0.066566,-0.015690,0.002116,0.013154,0.011411,-0.024196
504,variational inference,0.066478,0.008813,0.039102,0.005435,-0.009102,0.004026
505,learning rl,0.066475,-0.012240,0.031048,-0.014499,0.005602,-0.003086
506,dynamically,0.066471,-0.017382,-0.012641,-0.021161,0.003776,-0.011511
507,computation,0.066173,0.007353,-0.020815,-0.002659,-0.001147,0.034199
508,pre,0.066161,-0.011331,-0.020637,-0.003596,0.004041,-0.026556
509,despite,0.066060,-0.016470,0.020664,0.014795,0.012866,0.001265
510,highlight,0.065997,0.005212,0.019989,-0.001732,0.024384,0.014680
511,implementations,0.065857,-0.010189,0.022852,0.019946,0.001560,0.011309
512,minimising,0.065827,-0.001392,0.033161,-0.016277,0.014449,0.000549
513,joint,0.065698,-0.011732,-0.005017,-0.022149,-0.013125,0.013674
514,studies,0.065626,-0.011685,-0.017315,-0.005693,0.030338,-0.000595
515,reaching,0.065611,-0.009650,0.002358,0.021941,0.015529,-0.016132
516,minimisation,0.065586,0.008291,0.010204,0.041110,-0.002665,0.003316
517,efficiency,0.065394,-0.019748,0.000651,-0.025342,0.007381,-0.012272
518,using active,0.065322,-0.020579,0.011976,-0.016146,0.014069,-0.002552
519,box,0.065242,-0.008416,-0.012977,0.015910,-0.004802,-0.023137
520,flow,0.065110,0.037196,-0.002009,0.010023,-0.013834,-0.002049
521,modular,0.064930,-0.012884,-0.003148,0.024017,0.021317,0.003564
522,form,0.064656,0.008022,0.024528,-0.011550,-0.011094,0.009461
523,seeking,0.064628,-0.002013,0.023299,-0.034606,-0.000858,0.003852
524,detailed,0.064551,0.025291,0.005365,0.008209,0.014649,0.011038
525,uncertain,0.064543,-0.016702,0.017848,-0.015896,0.010753,-0.003344
526,offering,0.064505,-0.005849,-0.002657,-0.016799,0.004232,0.034968
527,used,0.064275,-0.003044,0.010460,0.014724,-0.014563,-0.021483
528,specifically,0.064166,0.001918,0.003117,0.018580,-0.018267,0.022284
529,emergent,0.064113,0.011391,-0.000636,-0.018936,0.004772,0.028378
530,meta,0.063990,0.006183,-0.023177,0.007935,0.013083,0.013611
531,structured,0.063804,-0.010421,-0.011780,-0.026570,0.001435,0.013598
532,allowing,0.063693,-0.012812,0.004222,-0.016644,0.013875,0.016140
533,recently,0.063353,-0.004325,0.014137,0.028298,-0.008350,0.008243
534,offers,0.063247,-0.012588,0.013013,0.005041,0.003232,0.029373
535,standard,0.063049,0.003670,0.020099,0.012553,-0.012431,-0.014295
536,levels,0.062956,0.000390,-0.012665,-0.013694,0.028200,0.008008
537,semantics,0.062911,0.020010,-0.012251,0.003400,-0.016412,0.010839
538,vehicle,0.062868,-0.012573,0.012033,-0.004242,0.028854,0.005165
539,evaluated,0.062860,-0.010333,-0.007959,0.009687,0.009668,-0.025213
540,achieves,0.062806,-0.011093,-0.009626,-0.010074,-0.005427,-0.026586
541,training data,0.062753,-0.010058,-0.023190,-0.000205,-0.008819,-0.020481
542,work,0.062747,-0.002662,0.015073,0.029033,-0.006485,0.009495
543,source,0.062686,-0.006274,-0.013696,0.011732,-0.030120,-0.000864
544,subjective,0.062504,0.004319,-0.006060,0.003349,0.031264,0.017513
545,functional,0.062327,0.017284,0.021014,0.004150,-0.014716,0.005163
546,measurement,0.062310,0.000268,-0.012605,0.000658,-0.023146,-0.025633
547,present,0.061857,-0.005527,0.033524,0.014656,0.006567,0.001583
548,multiple,0.061844,-0.017194,0.006450,-0.014525,-0.014048,-0.009627
549,practical,0.061284,-0.012257,0.012206,0.016944,-0.002874,0.017003
550,consider,0.061211,-0.000033,0.003198,0.022552,-0.031332,-0.004095
551,movements,0.060981,-0.014760,-0.004726,0.025425,-0.009799,0.006271
552,scalable,0.060979,-0.012389,0.012199,-0.013986,0.017762,-0.004643
553,challenge,0.060973,-0.012472,-0.009250,-0.033876,0.003398,0.001977
554,probability,0.060896,0.009420,0.012823,-0.001347,-0.029482,-0.007824
555,key,0.060819,-0.001605,-0.007723,-0.021549,0.012393,0.017548
556,sensory input,0.060765,0.001278,-0.007146,0.022397,0.018645,-0.011299
557,scenarios,0.060723,-0.023852,-0.002758,-0.020048,-0.003981,-0.010084
558,self organizing,0.060709,0.008180,-0.000385,-0.010730,0.022758,0.018656
559,path,0.060699,-0.001366,-0.008911,-0.028423,-0.010993,-0.011007
560,possible,0.060689,-0.001533,-0.004237,-0.016393,-0.027115,-0.011411
561,incorporating,0.060646,-0.010095,0.004523,-0.022633,0.014327,-0.009069
562,biology,0.060414,0.030638,-0.001498,-0.005687,0.005621,0.016969
563,building,0.060160,-0.017237,-0.006354,-0.002543,0.016164,0.017863
564,underlying,0.060126,-0.008151,-0.014222,-0.012071,0.021508,0.004173
565,built,0.059945,0.008663,-0.010703,0.010502,0.015037,-0.015040
566,information processing,0.059701,0.020910,-0.012654,-0.010875,0.008767,0.006495
567,self supervised,0.059661,-0.006703,0.001836,-0.002406,0.032305,-0.016411
568,real time,0.059598,-0.018704,-0.015499,-0.009591,-0.004704,0.011099
569,content,0.059447,0.011160,-0.031312,0.000824,-0.006681,-0.009471
570,experimental,0.059327,-0.008971,-0.007038,0.019625,0.011392,-0.012300
571,comparable,0.059325,-0.018126,0.018228,0.005993,0.004227,-0.012751
572,perceptual,0.059307,-0.007961,0.004748,0.012074,0.031766,-0.002757
573,implications,0.059160,0.009663,-0.000540,0.007739,-0.011620,0.029598
574,hidden,0.058964,-0.000039,0.017798,0.016945,-0.018908,-0.005274
575,hybrid,0.058919,-0.019069,-0.002292,0.023522,0.009378,0.004658
576,paper introduces,0.058654,-0.012392,0.001439,-0.033048,0.010644,-0.001130
577,reactive,0.058597,-0.018551,0.009296,-0.017336,-0.003937,0.009477
578,actively,0.058538,-0.015183,-0.007033,-0.001645,-0.022346,-0.012332
579,normative,0.058517,0.005189,0.018584,0.000086,-0.002090,0.032570
580,widely,0.058440,-0.001953,0.008541,0.012722,-0.014552,0.020672
581,forward,0.058386,-0.010864,0.005114,0.010839,0.007478,-0.024091
582,bandit,0.058312,-0.002487,0.002962,-0.017894,-0.030755,-0.004215
583,layer,0.058146,-0.007252,-0.011553,-0.022426,0.012454,0.004461
584,able,0.058026,-0.011845,-0.006710,0.003883,-0.004777,-0.030811
585,challenging,0.057916,-0.017965,-0.009537,-0.011031,-0.013515,-0.005868
586,traffic,0.057879,-0.002492,-0.023336,-0.004573,-0.020494,-0.006984
587,recurrent,0.057867,-0.001007,-0.001262,0.007138,0.023188,-0.025272
588,improve,0.057864,-0.011211,-0.014778,0.002659,-0.018342,-0.010875
589,understand,0.057595,-0.015818,-0.006700,0.011546,0.013969,0.009562
590,capture,0.057439,-0.010005,-0.018550,-0.011711,0.010904,-0.006269
591,directly,0.057434,0.015900,-0.003612,0.005998,0.016191,-0.015733
592,use,0.057425,-0.000862,-0.004008,0.019429,-0.022183,-0.010942
593,drive,0.057376,-0.010971,0.012576,-0.024657,0.008495,-0.000676
594,measurements,0.057283,-0.002350,-0.012385,0.001867,-0.018001,-0.022679
595,act,0.057228,-0.009694,0.013244,0.012873,0.003884,0.017534
596,efficiently,0.057158,-0.011181,-0.008749,-0.015819,-0.006460,-0.014950
597,validation,0.057068,0.003366,-0.023122,0.006826,-0.005014,-0.018740
598,coupled,0.057053,0.016922,0.016898,0.000685,-0.010916,0.011633
599,pattern,0.057024,-0.003579,-0.019611,-0.005538,-0.012010,-0.016285
600,biologically plausible,0.056957,0.008820,0.010588,0.016173,0.017873,0.003504
601,significantly,0.056942,-0.015431,-0.010490,0.003455,0.002698,-0.024867
602,responses,0.056772,-0.000882,-0.010838,0.017594,-0.020311,0.007148
603,filtering,0.056706,0.004876,0.016579,0.018952,-0.012414,-0.003884
604,neurons,0.056626,0.009011,-0.026394,-0.004091,-0.007930,0.009200
605,size,0.056541,-0.001253,-0.020983,-0.002017,-0.013714,-0.018575
606,extensive,0.056450,-0.022819,-0.002413,-0.014591,0.008584,-0.008043
607,explain,0.056426,0.011799,-0.015982,0.005864,-0.001291,0.021490
608,does,0.056406,0.017488,0.021666,0.006374,-0.001141,-0.009737
609,limitations,0.056402,-0.020092,-0.004532,0.006977,0.018252,0.006550
610,life,0.056390,0.016655,-0.012739,-0.000394,0.003057,0.023545
611,mapping,0.056318,-0.014139,0.005637,-0.027222,0.008898,-0.000422
612,survey,0.056244,-0.007700,-0.012106,0.012140,-0.018355,0.005943
613,information seeking,0.056241,-0.003117,0.019661,-0.026274,-0.004327,-0.002861
614,furthermore,0.056179,-0.012698,-0.007907,0.020751,0.009245,0.005578
615,awareness,0.056053,-0.005579,-0.025585,-0.004623,-0.011940,0.008327
616,convergence,0.056043,-0.011233,0.000051,-0.006793,-0.019371,-0.018596
617,presented,0.055967,0.020055,0.000798,0.008069,-0.021784,-0.005261
618,extension,0.055927,0.018758,0.013078,-0.011477,0.008596,-0.004018
619,simulation,0.055687,-0.006854,0.002627,-0.013272,0.015226,-0.017708
620,approaches,0.055658,-0.032938,0.004903,-0.007804,0.004280,0.005734
621,symbolic,0.055633,-0.005412,-0.025488,-0.017863,0.005247,-0.001623
622,maximize,0.055619,-0.011440,0.004661,-0.013134,-0.009695,-0.016690
623,better,0.055321,-0.020218,-0.005092,0.003551,0.011316,-0.015145
624,compare,0.055286,-0.008812,0.011011,0.003485,-0.014832,0.017146
625,order,0.055271,-0.001820,0.001385,0.012805,-0.010671,-0.028590
626,feedback,0.055204,-0.004381,-0.018664,0.016239,0.002896,0.013023
627,plan,0.054984,-0.023878,0.013250,-0.002875,0.002962,-0.012019
628,derive,0.054979,0.019110,0.019250,-0.004051,-0.005624,-0.006944
629,surprisal,0.054844,0.022107,0.004316,-0.001194,0.009013,-0.018214
630,types,0.054732,-0.005463,-0.014828,-0.003373,-0.026267,-0.004801
631,plausible,0.054555,0.005608,0.008651,0.014803,0.022497,-0.002995
632,requirements,0.054479,-0.004639,-0.020345,-0.008048,-0.016944,0.004503
633,temporal,0.054458,0.002736,-0.002785,0.006638,0.019715,-0.022585
634,called,0.054209,0.018165,-0.004263,0.015656,0.002154,-0.013971
635,graphs,0.054198,0.002439,0.008660,-0.019963,-0.012157,-0.010980
636,enabling,0.054180,-0.014462,0.010820,-0.008211,0.006389,0.014298
637,solving,0.054149,-0.005083,0.004768,-0.026172,-0.017265,0.000861
638,success,0.054084,-0.013468,0.008417,-0.005383,0.011336,-0.015480
639,sensor,0.053974,-0.016064,0.004579,0.007816,0.007598,-0.017918
640,considered,0.053772,0.007819,-0.004898,0.016031,-0.002735,0.022288
641,step,0.053770,-0.011930,-0.001377,-0.014001,-0.008850,0.017612
642,thermodynamics,0.053768,0.015183,-0.005843,0.006674,0.016117,-0.009951
643,integrates,0.053759,-0.009084,0.008661,-0.010543,0.017779,-0.007693
644,evolution,0.053717,0.012243,-0.014858,-0.001862,0.000475,0.024279
645,provided,0.053678,0.008912,-0.014945,-0.000891,-0.006276,-0.022655
646,expert,0.053624,-0.003812,0.016587,-0.013480,0.003005,-0.016740
647,related,0.053339,0.011650,-0.020823,0.000469,-0.008386,-0.012012
648,evaluate,0.053335,-0.013012,-0.007629,-0.017016,0.012828,-0.002851
649,modeling,0.053274,-0.004182,0.004092,-0.018162,0.012069,0.014768
650,single,0.053236,-0.005177,0.007954,-0.004051,0.014508,-0.021545
651,fields,0.053069,0.003403,-0.013760,0.012848,0.002048,0.021010
652,robustness,0.053022,-0.013520,0.011299,-0.007106,0.019851,-0.001246
653,formalism,0.053022,0.015573,0.006492,0.010195,-0.004477,0.016284
654,simulate,0.052893,-0.012757,0.011421,-0.008005,0.001068,0.019642
655,notion,0.052870,0.009748,0.010479,-0.001459,-0.010447,0.020737
656,long term,0.052716,-0.004440,-0.020462,-0.020507,0.001537,0.005771
657,consistent,0.052666,0.011678,-0.007444,-0.003366,-0.016606,-0.013571
658,autonomously,0.052616,-0.007807,-0.009910,-0.014005,0.005040,0.015854
659,sequences,0.052574,-0.001263,-0.002071,0.011819,0.022447,-0.014975
660,likelihood,0.052507,0.009189,0.009922,-0.003096,-0.019766,-0.010534
661,simple,0.052393,0.023668,-0.008364,0.012042,-0.000324,-0.007995
662,interacting,0.052342,0.008224,-0.009724,0.001483,0.020422,0.012489
663,diverse,0.052190,-0.006643,0.003019,-0.025109,0.011983,0.005437
664,games,0.052146,0.004887,-0.001405,-0.002691,-0.040387,0.002776
665,initial,0.052120,-0.003869,-0.010569,0.000597,-0.020604,-0.016482
666,implemented,0.052036,-0.000843,-0.004729,0.013569,0.024817,-0.008078
667,sentient,0.051981,0.014020,0.010269,-0.004283,-0.004550,0.018859
668,claims,0.051847,0.029705,-0.005524,0.009782,0.004992,0.001844
669,sharing,0.051747,0.008966,0.001256,-0.023450,-0.001506,0.016570
670,integrated,0.051719,0.004535,-0.007390,-0.008006,0.019496,0.012292
671,diffusion,0.051682,-0.007456,-0.002910,-0.014128,0.017128,-0.010060
672,identify,0.051436,0.003684,-0.006786,-0.004855,-0.032163,-0.003948
673,certain,0.051426,0.016770,0.001647,-0.012731,-0.015598,0.004680
674,achieve,0.051241,-0.011661,0.006432,-0.014614,0.010659,-0.007875
675,need,0.051213,-0.015891,-0.008808,0.003692,-0.011338,-0.011484
676,view,0.051204,-0.001348,-0.004578,0.027302,0.000117,0.017859
677,ensuing,0.051156,0.021975,0.002193,0.000863,-0.011045,0.015079
678,integrating,0.051135,-0.014531,-0.009054,-0.004515,0.016707,0.006327
679,function,0.051049,0.004820,0.015740,-0.002566,-0.026487,-0.001436
680,organization,0.051023,0.015779,-0.012075,-0.001980,0.014661,0.006527
681,maximization,0.050997,0.012000,0.003677,-0.018815,-0.005993,-0.010511
682,vision,0.050794,-0.013215,-0.015223,-0.002841,0.015400,-0.004114
683,relationship,0.050777,0.004162,0.010600,-0.003396,-0.010665,0.021954
684,best,0.050714,-0.005952,0.009339,-0.007027,0.007421,-0.020974
685,integration,0.050674,-0.022107,-0.005101,-0.002612,0.012942,0.007911
686,case,0.050365,0.011218,-0.002737,-0.015134,-0.019410,0.001866
687,necessary,0.050314,0.004477,0.002076,0.020782,-0.017642,0.005336
688,past,0.050126,-0.003840,0.004959,-0.003527,0.027029,-0.010771
689,interactive,0.049858,-0.011343,-0.014184,-0.015608,0.007735,0.000988
690,natural,0.049843,0.011222,0.001719,-0.005329,0.007003,0.024570
691,execution,0.049781,-0.012788,-0.008577,-0.020792,0.005776,0.001848
692,posterior,0.049766,0.008212,0.005379,-0.003999,-0.012523,-0.019654
693,improves,0.049711,-0.014377,0.001227,-0.017342,0.007739,0.009026
694,naturally,0.049695,0.005897,0.002628,-0.022775,-0.001060,0.017336
695,perspectives,0.049643,0.008114,-0.003846,0.006301,0.016929,0.014453
696,term,0.049532,0.006728,-0.010839,-0.021519,0.007725,-0.002721
697,inference problem,0.049498,-0.002196,0.016066,0.016853,-0.010160,-0.004223
698,inference based,0.049413,-0.020620,0.013964,0.007172,-0.005888,0.001769
699,device,0.049375,-0.010601,-0.017577,-0.004588,-0.015351,0.001258
700,simulations,0.049282,-0.011637,-0.005715,-0.006697,-0.018913,0.006320
701,changing,0.049185,-0.010936,0.009384,-0.009686,-0.002428,0.016750
702,sample,0.049083,-0.008798,0.001982,0.002642,-0.010912,-0.024748
703,equilibrium,0.048841,0.028532,-0.005426,-0.004354,-0.009885,-0.000644
704,learning model,0.048825,-0.010494,-0.000302,0.007187,0.014352,-0.016489
705,kinds,0.048686,0.010851,-0.000281,0.003761,-0.024507,0.009286
706,errors,0.048675,-0.000158,-0.000045,0.021238,0.013777,-0.013457
707,idea,0.048663,0.002650,0.010852,0.017803,0.008230,-0.009129
708,transitions,0.048611,-0.007010,-0.000566,-0.004094,0.032332,-0.004609
709,empirical,0.048606,-0.002227,-0.011599,-0.003231,-0.010671,0.020878
710,shown,0.048559,0.005455,-0.005150,0.016701,-0.007967,-0.013285
711,core,0.048334,0.004784,-0.007553,-0.012391,0.005761,0.017844
712,providing,0.048275,-0.009654,0.012117,-0.002572,0.004803,0.019129
713,experiment,0.048194,-0.000745,-0.009419,0.007138,0.027749,0.003143
714,operator,0.048051,-0.000535,-0.026210,-0.004180,0.007307,-0.009818
715,paths,0.048049,0.005557,0.000956,-0.004862,-0.016817,-0.019857
716,costs,0.048012,0.004017,-0.009724,-0.012531,-0.020649,-0.001091
717,emerging,0.047985,-0.014873,0.011287,0.003751,0.006723,0.011350
718,functions,0.047856,-0.002900,0.010190,0.020712,-0.013754,-0.000300
719,modelling,0.047820,0.015663,0.006142,0.007231,-0.013817,0.004968
720,including,0.047768,0.011266,-0.014992,-0.003079,-0.007946,0.010485
721,surprise,0.047693,0.008869,0.008734,0.015409,0.011063,-0.003618
722,independent,0.047644,0.004045,-0.005110,0.011143,-0.016438,-0.010908
723,formally,0.047454,0.002980,0.006533,0.001606,-0.016484,0.019851
724,assumptions,0.047436,0.020323,0.004868,0.009174,-0.005363,0.007708
725,critical,0.047390,0.010835,-0.008650,-0.012081,-0.007288,0.008537
726,improved,0.047303,-0.017673,0.003328,0.010209,0.001144,-0.014949
727,way,0.047271,-0.006015,-0.006226,0.014188,-0.006328,0.014514
728,known,0.047153,0.012679,0.009370,0.004063,-0.014000,-0.007042
729,aim,0.047137,0.012969,-0.000168,0.012942,-0.000570,0.020488
730,results demonstrate,0.047097,-0.020625,0.013106,-0.008580,0.001163,-0.003623
731,constrained,0.047075,0.007060,0.011521,-0.018177,-0.006034,-0.004282
732,seen,0.047029,0.005754,0.003097,0.017015,-0.007474,0.013689
733,central,0.046956,0.011038,0.013252,-0.003270,0.002630,0.016766
734,structural,0.046933,0.003295,-0.004999,0.015333,0.019520,-0.003786
735,examine,0.046931,0.006171,-0.001659,0.007586,0.003481,0.028034
736,computationally,0.046837,-0.005945,0.017269,-0.010269,0.009138,-0.004217
737,behavioral,0.046806,-0.005370,0.001857,-0.011238,0.016124,0.012217
738,define,0.046778,0.014872,-0.006612,-0.001789,-0.018814,-0.004692
739,combines,0.046590,-0.009380,0.019265,0.012416,0.001068,-0.004461
740,interpreted,0.046408,0.013896,0.007379,0.006818,-0.006472,0.011842
741,examples,0.046303,0.004880,-0.009076,-0.001152,-0.013321,0.017874
742,methodology,0.046204,-0.013347,-0.006250,0.007053,-0.013209,0.006344
743,generated,0.046203,-0.006340,-0.029898,0.000188,0.000107,-0.009671
744,following,0.046076,0.002249,0.002342,0.016997,0.009567,-0.014921
745,new,0.046056,-0.015809,-0.008884,-0.004652,-0.015388,0.001323
746,described,0.046038,0.011896,-0.000516,0.011820,-0.003454,0.018352
747,accurate,0.046029,0.007715,-0.006333,0.008374,0.002015,-0.021592
748,classic,0.045725,-0.001348,0.000808,0.012979,-0.014161,-0.016428
749,adapt,0.045685,-0.016232,-0.003338,-0.011757,-0.007587,0.006772
750,evaluation,0.045606,-0.001919,-0.007154,0.011514,0.003599,-0.021420
751,proposed framework,0.045280,-0.008588,0.008256,-0.017149,-0.001057,0.010229
752,theoretic,0.045234,0.025500,0.001355,-0.012566,-0.003568,-0.002244
753,predict,0.045131,-0.011267,-0.004265,-0.001247,0.018745,-0.009608
754,requires,0.045079,-0.010306,0.000996,-0.017565,0.015934,-0.000277
755,performing,0.044980,0.021236,0.010138,0.004579,-0.003566,-0.005462
756,application,0.044936,-0.008611,0.002403,0.010594,-0.020353,0.002974
757,explicit,0.044934,-0.009981,0.007485,-0.007094,0.003908,0.016466
758,synthetic,0.044893,-0.005957,0.006136,-0.024935,-0.000053,0.007811
759,contexts,0.044737,0.008726,-0.000650,-0.012376,0.008967,0.014017
760,propose novel,0.044722,-0.012647,0.006953,-0.001065,0.011083,-0.012974
761,distinct,0.044689,-0.002603,-0.012106,0.002214,0.010984,-0.016782
762,solve,0.044651,-0.011576,0.007626,-0.003173,-0.009780,-0.012496
763,enables,0.044563,-0.015516,0.003691,-0.017946,0.002428,-0.004982
764,fully,0.044428,-0.007746,0.009482,-0.007859,0.011995,-0.007345
765,reliable,0.044279,-0.011871,-0.015809,0.007263,-0.003333,-0.006004
766,generate,0.044225,-0.001014,-0.013715,-0.004966,0.012192,-0.012338
767,predicted,0.044215,-0.002894,0.008624,-0.011468,0.011857,-0.009372
768,resources,0.044182,-0.006280,0.005344,-0.015112,-0.006752,0.010694
769,resource allocation,0.044011,-0.010697,-0.006942,-0.004423,-0.017198,-0.004752
770,conditional,0.043787,0.020974,-0.001941,-0.005353,-0.009785,-0.005735
771,short,0.043771,0.006135,-0.006928,-0.014419,-0.010488,-0.005801
772,develop,0.043705,0.010504,0.000259,-0.014846,-0.016484,0.001611
773,prediction errors,0.043700,0.000405,0.007257,0.016196,0.016164,-0.003678
774,presents,0.043615,-0.002961,0.003485,0.014783,0.013735,0.008651
775,assess,0.043567,-0.000045,-0.016348,0.005901,-0.015598,-0.005676
776,proposes,0.043547,-0.006898,-0.001907,-0.019369,0.009551,0.005821
777,means,0.043491,-0.003615,-0.003287,0.005493,-0.014631,-0.016466
778,mechanism,0.043470,-0.001052,-0.011006,-0.007830,0.014490,0.009093
779,tool,0.043456,-0.008392,-0.004479,0.014882,-0.004150,0.011553
780,position,0.043331,0.010616,0.001056,0.011410,0.008380,-0.011868
781,enable,0.043294,-0.006569,-0.014067,-0.005744,-0.015162,0.001753
782,text,0.043105,-0.007232,-0.009433,0.007797,-0.007119,-0.011525
783,accounts,0.043085,0.009865,0.017826,-0.004356,-0.002654,0.008384
784,maintain,0.043011,0.001201,0.002677,-0.015143,0.011167,0.012823
785,implement,0.043005,-0.008469,0.009021,0.005464,0.006842,0.013210
786,setting,0.042997,-0.006490,0.005925,-0.009621,-0.009254,-0.011707
787,computational model,0.042955,-0.008437,-0.004462,-0.000126,0.028126,0.001804
788,inverse,0.042715,0.003773,0.002610,0.019857,-0.000884,-0.015590
789,respect,0.042519,0.017599,0.004486,0.002166,-0.008602,-0.009666
790,law,0.042512,0.005711,-0.012702,0.011855,0.001997,-0.010247
791,describing,0.042473,0.013527,0.005860,0.005172,-0.001077,0.016837
792,paradigm,0.042084,-0.006489,-0.001016,-0.005622,0.001227,0.027730
793,introduce,0.042059,-0.011861,-0.000456,-0.010688,-0.009468,0.009587
794,distinction,0.041969,0.028908,-0.004675,0.001138,0.001538,-0.005710
795,group,0.041947,-0.005780,-0.014629,-0.002435,-0.006616,-0.012486
796,concept,0.041902,-0.001275,-0.015047,0.011606,0.005693,-0.008281
797,force,0.041808,0.001773,-0.007518,0.007738,0.007112,-0.017667
798,comprehensive,0.041659,0.003367,-0.018268,0.003117,0.000365,0.016542
799,baselines,0.041561,-0.017255,0.005564,0.005817,-0.002922,-0.010003
800,applications,0.041498,-0.009290,-0.006854,0.012092,-0.012481,-0.000781
801,concepts,0.041468,-0.004581,-0.018135,0.005653,-0.000517,0.012582
802,distributions,0.041391,-0.004305,0.002004,0.009496,-0.013344,-0.012242
803,focus,0.041304,0.008965,0.006848,0.019630,0.002379,0.003482
804,associated,0.041059,-0.008320,-0.002177,0.014975,-0.014127,0.001461
805,generally,0.040941,0.007186,0.012032,-0.014308,-0.003004,-0.004412
806,large scale,0.040862,-0.004882,-0.012027,-0.008877,-0.003668,-0.011408
807,closed,0.040676,-0.003843,-0.004757,0.017958,-0.005529,0.008589
808,established,0.040645,0.004053,-0.009887,0.002210,-0.008490,0.016005
809,demonstrated,0.040538,-0.008600,-0.000332,-0.006277,0.011053,-0.014276
810,hypothesis,0.040234,0.009186,-0.014453,0.011131,0.003670,0.001795
811,information theoretic,0.040222,0.024383,0.000186,-0.010923,-0.000266,-0.004463
812,high level,0.040089,-0.011990,-0.004330,-0.005338,-0.008985,-0.009446
813,presence,0.040051,-0.000212,-0.003661,0.014510,-0.005884,-0.015784
814,reference,0.040047,0.001232,-0.004459,0.013747,-0.007099,-0.013509
815,components,0.040018,0.005549,-0.008511,-0.004720,-0.002793,0.018445
816,successfully,0.039965,-0.012836,0.003807,-0.010021,0.001608,-0.011693
817,psychology,0.039810,0.003643,-0.010776,0.000079,0.012491,0.012822
818,benchmark,0.039713,-0.012082,0.012065,0.000411,0.008336,-0.006818
819,rely,0.039619,-0.015515,-0.009055,-0.003174,0.011675,-0.000201
820,suggests,0.039617,-0.002059,0.003135,0.012191,0.014464,0.007769
821,emerges,0.039509,-0.001387,-0.004299,-0.004697,0.008954,0.020172
822,evidence,0.039493,-0.007604,0.000654,-0.018781,-0.002650,-0.009804
823,creating,0.039460,-0.010825,-0.008168,-0.012246,0.000674,0.007547
824,bayes,0.039397,0.005312,0.021102,-0.007613,-0.004544,0.000826
825,limited,0.039396,-0.008863,-0.000610,0.019033,0.007903,-0.002987
826,participants,0.039380,-0.004310,-0.013490,-0.007110,-0.001273,-0.013196
827,differences,0.039211,-0.000065,0.007599,0.006817,-0.013016,0.011714
828,advances,0.039179,-0.007713,0.009006,0.013377,0.008598,-0.000486
829,causal,0.039097,0.000367,-0.019793,0.001355,0.009964,0.007619
830,finally,0.038962,-0.003281,0.002748,0.019541,-0.003432,0.009959
831,achieved,0.038907,-0.012227,0.001002,-0.012687,0.007205,-0.005786
832,investigate,0.038725,0.004565,0.013433,-0.003199,0.010672,-0.006856
833,variables,0.038715,0.008280,-0.001895,0.004800,-0.008888,-0.014852
834,stream,0.038690,-0.004947,-0.016333,-0.001732,-0.004381,-0.011297
835,potentially,0.038539,-0.007619,-0.014133,0.008488,-0.005860,0.002438
836,relation,0.038531,0.005403,0.004518,0.014942,0.008498,-0.005170
837,construct,0.038229,0.005981,-0.006593,0.002404,-0.017476,0.005776
838,higher,0.038091,0.012477,-0.015038,-0.006250,0.000400,-0.003926
839,relationships,0.037846,-0.003695,-0.016867,-0.005983,-0.000869,-0.010432
840,similar,0.037651,-0.008235,0.000765,-0.001781,-0.010754,-0.016116
841,apply,0.037555,0.000660,0.008904,-0.003980,-0.004969,-0.019043
842,desired,0.037513,-0.002493,0.019952,-0.002280,0.000817,-0.011971
843,set,0.037241,0.004766,-0.000696,0.008206,0.000861,-0.022713
844,promising,0.037022,-0.010765,0.006120,0.015719,0.004105,-0.000312
845,outcomes,0.036919,-0.005755,0.016428,-0.011235,-0.003130,-0.000370
846,average,0.036796,0.002654,0.003232,0.013221,-0.009102,-0.008588
847,important,0.036785,0.003716,-0.016775,0.005583,0.003748,0.006964
848,significant,0.036600,-0.000284,-0.008709,-0.016561,-0.009708,-0.001338
849,make,0.036552,0.010210,0.009627,-0.000543,-0.005264,0.010908
850,solutions,0.036529,-0.010644,0.007286,0.004352,-0.008280,-0.005967
851,trade,0.036523,-0.003842,-0.007401,-0.011788,-0.008910,-0.004583
852,principled,0.036492,-0.005663,0.006340,-0.000568,-0.004811,0.019109
853,formulated,0.036390,-0.002068,0.009449,-0.008539,-0.005198,-0.011135
854,expressed,0.036280,0.013620,0.006100,0.001907,-0.008771,0.005881
855,mathematically,0.036273,0.025521,0.002886,-0.001705,-0.001793,-0.004369
856,baseline,0.036255,-0.008741,-0.004464,-0.001391,0.010109,-0.011550
857,test,0.036143,-0.008189,-0.016057,-0.000967,-0.005650,-0.005280
858,predicts,0.036084,-0.004851,-0.010103,0.001441,0.011539,-0.008151
859,maximum,0.036001,0.013367,-0.000185,0.002707,-0.017615,-0.002128
860,paper presents,0.035761,0.001684,-0.006222,0.001018,0.019097,0.007741
861,thermodynamic,0.035713,0.021852,0.000169,-0.007393,0.005375,0.000924
862,formation,0.035683,-0.010486,-0.004338,-0.005497,-0.011255,-0.004107
863,parallel,0.035658,-0.012513,0.002625,0.008250,-0.009785,-0.002485
864,nature,0.035647,0.001872,-0.011168,0.010386,-0.005054,0.007167
865,discover,0.035589,-0.002507,-0.013533,-0.002786,-0.004163,-0.012600
866,literature,0.035516,0.001542,0.009526,0.004029,-0.004017,0.016403
867,patterns,0.035511,-0.011887,-0.015283,-0.004064,-0.000912,0.003365
868,bound,0.035394,0.007925,0.002552,0.009091,0.005416,-0.010411
869,illustrate,0.035087,-0.000916,0.021995,-0.000165,-0.001147,0.010864
870,reduction,0.035064,-0.001724,-0.010566,-0.002519,-0.009909,0.010345
871,change,0.034900,0.005173,-0.002851,0.000471,0.011705,0.014700
872,conventional,0.034823,-0.009257,0.003840,-0.014654,0.004199,0.002874
873,aims,0.034756,-0.000973,-0.013067,-0.006475,-0.000009,0.014233
874,signals,0.034755,-0.006160,-0.007965,0.007389,-0.003706,-0.009535
875,primary,0.034623,-0.004877,-0.010081,0.008446,0.006358,0.004862
876,essential,0.034372,-0.000271,-0.014772,0.004463,0.010180,-0.004685
877,sense,0.034371,0.016730,0.003951,-0.007809,0.001554,0.004327
878,showed,0.034367,-0.013443,-0.002900,0.005648,-0.001667,-0.010710
879,validated,0.034284,-0.007715,-0.000361,0.002321,0.006737,-0.017151
880,applying,0.034256,0.009464,0.000453,0.009601,0.014331,-0.000406
881,low level,0.034087,-0.012697,-0.003133,-0.007182,-0.006995,-0.004080
882,updating,0.034074,0.004758,-0.004394,-0.010030,-0.007588,0.007303
883,available,0.033978,-0.006156,-0.015878,0.001159,-0.003817,-0.006969
884,generation,0.033920,-0.004937,-0.008449,0.006002,0.013883,0.000649
885,second,0.033851,0.001358,-0.013595,-0.000701,0.003956,0.014241
886,observed,0.033498,-0.008614,0.003789,0.009165,-0.006606,-0.005325
887,aware,0.033465,-0.003908,-0.005021,-0.018049,0.000640,0.005846
888,unlike,0.033451,-0.011672,0.004681,0.004450,-0.007208,-0.005439
889,sum,0.033177,0.000770,0.004701,-0.009521,-0.013062,-0.005123
890,result,0.033058,0.007086,-0.011519,-0.001868,0.007574,-0.005011
891,capable,0.032991,-0.001199,-0.013746,-0.011400,0.003919,-0.002729
892,complexity,0.032846,-0.005604,-0.009609,-0.007172,0.000817,-0.009645
893,offer,0.032808,-0.003367,-0.009341,0.000478,-0.001260,0.018361
894,question,0.032506,-0.003864,-0.013422,-0.007398,0.002022,0.005801
895,interact,0.032467,-0.001834,0.012735,0.000648,0.014400,0.002849
896,predicting,0.032389,-0.005256,-0.014882,0.003111,0.000976,-0.008163
897,contextual,0.032085,-0.011613,0.000353,-0.001561,-0.010510,-0.008048
898,reduces,0.032039,-0.004407,0.006809,-0.012510,0.003349,-0.004965
899,issues,0.032013,0.013297,-0.005715,-0.002881,-0.008785,0.001336
900,layers,0.031477,-0.005638,-0.003922,-0.017060,0.003184,-0.001673
901,dependent,0.031339,0.000617,-0.010643,-0.002776,-0.001142,0.016161
902,minimal,0.031307,0.009980,-0.006836,-0.000678,0.006337,0.007476
903,ii,0.031229,0.006998,0.001190,-0.012898,-0.004471,0.005672
904,lower,0.031220,-0.002299,-0.007281,-0.004442,0.003318,-0.013880
905,effects,0.031203,0.002965,-0.000946,-0.009035,0.017628,0.000629
906,response,0.031169,-0.001690,0.008689,-0.009362,0.000865,0.010562
907,behaviours,0.031131,0.002783,-0.001198,0.007720,-0.000185,0.019246
908,makes,0.031056,-0.001893,0.001682,0.006708,0.007828,-0.012946
909,manner,0.030951,-0.005409,-0.005628,0.000818,0.016031,-0.003065
910,useful,0.030945,0.002385,-0.005747,-0.002389,-0.005412,0.015012
911,especially,0.030906,0.011018,0.004449,-0.004396,-0.007691,0.003353
912,reduce,0.030862,-0.000636,0.007819,-0.009205,0.005296,-0.007906
913,represent,0.030820,-0.000759,-0.005000,0.006764,-0.008378,0.009919
914,motivation,0.030581,-0.006221,-0.001661,-0.018581,-0.000812,0.003306
915,ground,0.030572,0.002974,-0.016343,-0.002442,0.002268,-0.006545
916,wide,0.030560,0.005738,0.001060,-0.000579,-0.021070,0.002113
917,build,0.030501,-0.005297,0.008040,0.008063,0.003943,-0.005158
918,conditions,0.030399,0.004184,0.005435,-0.006207,-0.011129,0.003445
919,subject,0.030233,0.006377,-0.004807,-0.002889,0.007900,0.008260
920,entities,0.030102,0.001596,-0.014034,-0.002878,-0.003690,0.007903
921,derived,0.029770,0.005925,0.007367,-0.001600,-0.013420,-0.001458
922,leveraging,0.029597,-0.017509,-0.002381,-0.003637,-0.000541,-0.005529
923,numerical,0.029466,0.003721,0.003060,-0.002122,-0.017055,0.003507
924,priors,0.029338,-0.003224,0.016971,-0.000527,-0.003283,-0.005333
925,leads,0.028924,0.012269,-0.003847,0.001299,-0.007108,-0.004401
926,relative,0.028867,-0.002844,-0.008047,0.006704,-0.007110,-0.004162
927,representing,0.028812,-0.002942,-0.010575,-0.004834,-0.001456,-0.009004
928,measure,0.028615,0.009135,-0.007908,0.003588,-0.003562,0.004422
929,range,0.028584,0.007803,-0.003262,-0.007243,-0.006108,-0.004168
930,optimize,0.028415,-0.009279,0.001229,-0.008438,-0.005428,0.004042
931,hand,0.028290,-0.002225,0.000166,0.014228,0.006621,-0.005050
932,specified,0.027863,-0.002484,0.000840,-0.007355,-0.004452,-0.012732
933,describes,0.027663,0.004703,0.017402,-0.000752,-0.004045,0.000762
934,small,0.027550,-0.003374,0.003175,0.004323,-0.010575,-0.006103
935,main,0.027428,0.004186,-0.007077,-0.002037,-0.007484,0.006643
936,optimizing,0.027384,-0.008650,-0.000542,-0.002956,-0.005136,-0.010100
937,intrinsic motivation,0.027371,-0.004218,-0.000960,-0.019649,0.001043,0.001500
938,leading,0.027188,-0.001302,-0.005023,-0.008741,-0.011191,0.000932
939,various,0.027067,-0.004615,-0.001795,0.005885,-0.004710,-0.010063
940,exploit,0.026871,-0.005809,-0.003336,0.001229,-0.001690,-0.014807
941,kind,0.026824,0.012008,0.003298,-0.001892,-0.005551,0.004074
942,identification,0.026780,0.003240,-0.012285,0.007753,0.001372,-0.002130
943,require,0.026730,0.001093,0.003226,0.012387,-0.005782,0.004242
944,features,0.026637,0.003780,-0.010971,0.001743,0.006479,-0.003663
945,performs,0.026625,-0.008394,0.004401,-0.000498,0.001415,-0.011918
946,approximation,0.026392,0.007868,-0.004189,-0.003155,-0.011041,0.000140
947,support,0.026285,-0.005820,-0.008998,0.002999,-0.001593,0.006875
948,allow,0.026198,-0.000823,-0.006020,-0.002869,-0.006978,-0.009509
949,scale,0.026130,-0.001348,-0.014390,0.001787,-0.001127,-0.007478
950,specific,0.026015,-0.002554,-0.015280,-0.000719,-0.001354,0.006108
951,remains,0.025950,-0.008826,-0.004536,-0.010270,0.000443,0.001875
952,conclude,0.025858,0.003131,-0.001256,-0.008025,0.004323,0.009123
953,capacity,0.025850,-0.003654,-0.004989,-0.005052,0.004129,0.008027
954,connection,0.025804,0.005197,0.011841,0.001319,-0.003507,0.003939
955,outperforms,0.025780,-0.012133,-0.000631,0.000921,-0.002465,-0.009629
956,resulting,0.025421,0.003990,0.005186,-0.007125,0.006082,-0.003038
957,shows,0.024895,-0.009926,-0.000063,0.007562,0.003324,-0.004019
958,simulation results,0.024675,-0.012334,-0.000359,0.001685,-0.000225,-0.010072
959,applied,0.023892,0.009459,-0.000688,0.010935,-0.000735,-0.002074
960,according,0.023648,0.003559,0.000648,-0.001538,-0.007227,-0.010676
961,previous,0.023570,-0.003449,0.007751,0.000566,0.004267,-0.007537
962,lead,0.023560,-0.002803,-0.005450,-0.010748,0.000573,-0.003985
963,gap,0.023355,-0.005024,0.004040,-0.005213,0.002692,0.006387
964,particularly,0.023311,0.002704,-0.011972,-0.000880,0.000804,-0.006950
965,typically,0.023107,-0.009877,-0.000414,-0.004088,0.002192,-0.006535
966,characteristics,0.023011,-0.001779,-0.019428,-0.000359,0.000673,0.000772
967,reveal,0.022592,0.014537,0.000516,-0.004951,0.000404,0.002183
968,parameter,0.022422,-0.002308,-0.000819,0.002921,-0.003384,-0.012990
969,common,0.022332,0.002112,-0.000794,0.013297,-0.004947,-0.001182
970,emerge,0.022241,0.003380,0.004016,0.004097,0.000822,0.009926
971,strong,0.022133,-0.000514,-0.015671,0.001934,-0.001126,-0.002887
972,required,0.021824,-0.000763,-0.003549,-0.003038,-0.009631,0.004842
973,lack,0.021663,0.001551,-0.017523,0.000916,-0.000265,-0.001408
974,additionally,0.021532,-0.005523,0.006257,-0.002174,-0.006094,-0.001485
975,simultaneously,0.021058,-0.001505,-0.001486,-0.000204,0.007767,-0.010097
976,passive,0.020851,-0.000213,-0.004172,0.004795,-0.001453,-0.010219
977,steps,0.020641,0.006270,-0.002480,-0.002382,-0.001987,-0.007522
978,motivated,0.020473,-0.006692,0.000407,-0.006614,0.001586,-0.005174
979,influence,0.020335,0.002210,-0.008723,-0.002368,0.006656,-0.000378
980,showing,0.020216,-0.002006,0.006394,0.001897,0.001911,-0.008008
981,introducing,0.019694,-0.005131,0.002704,0.008699,0.003013,0.000147
982,defined,0.018055,-0.002499,0.004038,-0.002829,-0.004826,0.003862
983,values,0.017999,-0.001511,-0.002487,0.001944,0.005201,-0.006856
984,ways,0.017838,-0.003269,0.004924,-0.001160,-0.003702,-0.004784
985,highly,0.017700,-0.005956,-0.004895,-0.002001,0.001969,0.002879
986,properties,0.017539,-0.003983,-0.006428,0.002801,-0.000082,-0.004245
987,produce,0.017044,-0.000182,0.008424,-0.007068,0.000537,-0.000833
988,dual,0.016870,0.000588,-0.002311,-0.004001,-0.006048,-0.003921
989,represents,0.016797,0.007968,-0.002695,0.004897,0.000144,-0.001092
990,difficult,0.016213,-0.006173,-0.002825,0.003591,-0.001887,0.001736
991,proof,0.015546,0.000886,-0.001472,-0.004589,0.006290,0.002309
992,schemes,0.015335,-0.004327,0.000121,0.004584,-0.005415,0.000888
993,relevant,0.015181,0.001081,0.000688,0.008211,0.001901,0.003299
994,iii,0.014816,0.002442,-0.001240,-0.006532,0.003095,0.001508
995,effectively,0.013933,0.001176,-0.004767,-0.004418,0.002954,0.000618
996,empirically,0.013704,0.000604,0.000593,-0.005820,-0.001303,-0.005384
997,appropriate,0.012960,-0.001876,0.001999,-0.004996,-0.000163,-0.003926
998,previously,0.012538,0.004882,-0.003487,-0.000180,0.003242,-0.000747
999,powerful,0.010851,-0.002408,-0.000594,0.001868,0.004626,-0.001355
1000,developed,0.008833,0.002091,0.000338,-0.003155,-0.001351,0.001898
